id,submitdate,ipaddr,age,education,Gender,attitude_attitude1,attitude_attitude2,attitude_attitude3,attitude_attitude4,ATTENTION_filter1,attitude_attitude5,attitude_attitude6,stepsattitude_attitudeB1,stepsattitude_attitudeB2,stepsattitude_attitudeB3,stepsattitude_attitudeB4,stepsattitude_attitudeB5,stepsattitude_attitudeB6,RecencypastBehavior_recencybike,RecencypastBehavior_recencywalk,RecencypastBehavior_recencyrun,perceivedBehav_freqWalking,perceivedBehav_freqRunning,perceivedBehav_freqBikeing,app_usage_PokemonGoApp_pokemonusage1,social_sharing,PokemonPastBehavior_pokPast1,PokemonPastBehavior_pokPast2,PokemonPastBehavior_pokPast3,PokemonPastBehavior_pokPast4_pokemonusage_NOT_USED
7,1/1/1980 0:00:00,166.67.66.242,38,5,1,7,7,2,7,2,7,7,7,1,7,5,3,7,1,7,6,4,2,1,4,3,3,1,1,4
8,1/1/1980 0:00:00,152.51.48.1,30,8,2,7,7,1,6,2,7,6,6,1,7,4,6,7,1,5,1,6,1,1,5,1,3,1,1,3
9,1/1/1980 0:00:00,76.23.106.228,28,8,1,7,7,3,7,2,5,4,7,3,7,4,4,7,1,6,6,6,4,1,1,1,1,1,1,1
10,1/1/1980 0:00:00,108.167.26.207,31,8,2,7,7,2,6,2,5,6,7,6,7,4,2,7,1,7,1,7,1,1,1,1,1,1,1,1
11,1/1/1980 0:00:00,107.220.181.144,38,8,1,7,7,1,7,2,5,7,7,1,7,4,5,7,1,1,1,1,1,1,1,1,1,1,1,1
12,1/1/1980 0:00:00,72.79.46.136,22,8,1,7,7,2,7,2,7,7,6,6,6,5,6,7,6,7,7,7,7,6,7,2,7,7,6,7
13,1/1/1980 0:00:00,172.76.214.145,24,8,1,7,7,7,7,2,6,7,7,2,7,5,6,7,1,7,6,6,3,1,1,1,1,1,1,1
14,1/1/1980 0:00:00,72.161.61.78,22,8,2,6,6,3,6,2,5,6,6,2,7,4,6,7,1,7,6,5,4,1,1,1,1,1,1,1
15,1/1/1980 0:00:00,73.46.226.222,27,10,1,7,7,3,6,2,5,6,6,4,6,4,4,7,1,6,1,6,1,1,5,1,2,1,1,4
16,1/1/1980 0:00:00,198.176.190.243,24,9,1,7,7,6,7,2,6,6,7,2,7,4,6,7,1,2,2,3,2,1,1,1,1,1,1,1
17,1/1/1980 0:00:00,50.176.190.8,33,7,1,7,6,2,7,2,7,7,7,5,7,4,2,7,1,3,1,3,1,1,1,1,1,1,1,1
18,1/1/1980 0:00:00,10.0.17.121,27,8,1,7,7,2,7,2,7,7,7,1,7,4,5,7,1,3,1,1,1,1,1,1,1,1,1,1
19,1/1/1980 0:00:00,98.177.133.205,32,4,2,7,7,4,7,2,3,3,7,1,7,5,5,7,1,3,1,2,1,1,4,2,2,1,1,4
20,1/1/1980 0:00:00,71.236.10.253,39,8,1,7,7,1,7,2,7,7,7,1,7,4,6,7,7,7,1,5,2,4,1,1,1,1,1,1
21,1/1/1980 0:00:00,45.23.113.132,31,5,1,7,7,2,7,2,1,4,7,3,7,4,4,7,1,6,6,3,3,1,1,1,1,1,1,1
22,1/1/1980 0:00:00,98.114.35.121,45,9,1,7,7,4,7,2,7,7,7,1,7,4,5,7,1,6,1,4,1,1,1,1,3,1,1,1
23,1/1/1980 0:00:00,97.82.12.200,30,8,1,6,7,2,7,2,5,6,7,1,7,5,6,7,1,6,1,4,1,1,7,7,4,1,1,7
24,1/1/1980 0:00:00,96.83.48.81,22,8,1,6,6,2,6,2,5,6,6,3,6,5,4,6,1,5,2,3,1,1,1,1,1,1,1,1
25,1/1/1980 0:00:00,23.117.216.214,29,5,1,7,6,1,5,2,5,6,7,4,6,4,5,7,1,7,2,6,1,1,7,1,7,1,1,7
26,1/1/1980 0:00:00,52.144.44.236,30,8,1,6,5,5,5,2,5,6,7,7,7,7,7,7,7,7,7,7,7,7,1,1,1,1,1,1
27,1/1/1980 0:00:00,24.173.98.122,28,9,1,7,5,1,6,2,4,6,7,4,6,4,3,7,2,5,2,4,2,2,3,1,3,1,1,3
28,1/1/1980 0:00:00,12.155.129.34,44,9,2,7,6,3,6,2,6,7,7,2,6,4,6,7,1,6,2,3,2,1,1,1,1,1,1,1
29,1/1/1980 0:00:00,73.95.74.44,27,5,2,7,7,1,7,2,5,6,7,1,7,4,5,7,1,7,4,6,3,1,1,1,1,1,1,1
30,1/1/1980 0:00:00,24.96.221.126,26,8,1,7,7,2,7,2,5,6,7,2,7,5,7,7,1,7,6,5,5,1,6,5,4,3,1,6
31,1/1/1980 0:00:00,24.231.128.26,24,5,1,7,5,1,7,2,5,1,7,4,6,4,1,7,5,6,1,3,1,5,7,2,3,1,4,6
32,1/1/1980 0:00:00,173.23.132.166,29,11,1,6,6,4,6,2,5,6,6,4,6,3,5,7,4,7,1,6,1,6,7,3,6,1,1,7
33,1/1/1980 0:00:00,45.56.149.30,62,4,1,7,7,1,7,2,7,7,7,1,7,5,4,7,1,7,1,7,1,1,1,1,1,1,1,1
34,1/1/1980 0:00:00,72.45.11.90,21,5,2,6,6,2,7,2,5,4,7,1,7,4,5,7,3,7,6,7,6,5,2,1,1,1,1,2
35,1/1/1980 0:00:00,99.175.254.94,21,5,1,7,7,5,7,2,5,4,7,2,7,5,3,7,1,5,2,3,2,1,3,2,3,1,1,4
36,1/1/1980 0:00:00,65.128.91.67,35,5,1,7,7,1,6,2,4,6,7,4,7,4,6,7,1,6,1,2,1,1,1,1,1,1,1,1
37,1/1/1980 0:00:00,198.199.190.140,28,8,2,6,6,3,6,2,6,6,7,2,7,4,6,7,1,7,7,6,4,1,6,2,6,4,1,7
38,1/1/1980 0:00:00,98.233.222.4,30,8,1,7,7,1,7,2,6,5,7,3,7,4,3,7,1,7,1,7,1,1,7,3,6,1,1,7
39,1/1/1980 0:00:00,73.46.196.234,20,4,1,7,7,2,7,2,6,7,7,1,7,4,7,7,4,6,7,6,5,2,1,1,1,1,1,1
40,1/1/1980 0:00:00,50.202.211.171,31,9,1,6,6,3,6,2,4,5,7,3,7,5,4,7,1,2,1,2,1,1,1,1,1,1,1,1
41,1/1/1980 0:00:00,69.125.216.211,30,8,1,7,7,1,7,2,5,7,7,1,7,4,5,7,1,7,1,7,1,6,1,1,1,1,1,1
42,1/1/1980 0:00:00,70.162.165.39,31,10,1,7,7,1,7,2,6,7,7,1,7,5,5,7,1,5,1,6,4,6,2,1,1,1,1,2
43,1/1/1980 0:00:00,204.130.5.36,31,10,1,6,7,2,6,2,6,6,7,1,7,4,5,7,6,7,6,3,6,3,1,1,1,1,1,1
44,1/1/1980 0:00:00,216.124.224.116,24,7,2,6,6,3,5,2,5,5,7,1,7,4,5,7,2,6,4,6,4,2,4,2,5,1,1,4
45,1/1/1980 0:00:00,50.183.5.38,66,8,1,7,7,2,7,2,6,7,7,1,7,4,1,1,4,7,3,7,2,2,1,1,1,1,1,1
46,1/1/1980 0:00:00,98.166.154.43,36,5,1,7,6,3,7,2,6,6,7,2,7,4,6,7,6,6,7,6,6,5,1,1,1,1,1,1
47,1/1/1980 0:00:00,24.115.19.21,50,7,1,7,7,1,7,2,5,7,7,1,7,5,5,7,1,6,1,3,1,2,1,1,1,1,1,1
48,1/1/1980 0:00:00,69.49.68.47,28,8,1,6,6,3,6,2,6,6,7,3,6,4,5,7,1,6,6,4,3,1,5,2,3,2,1,4
50,1/1/1980 0:00:00,199.227.4.242,30,8,2,7,7,3,6,2,6,4,7,2,7,4,6,7,6,7,7,6,6,5,4,2,4,2,1,4
51,1/1/1980 0:00:00,69.113.183.235,39,8,2,7,7,2,6,2,4,6,7,1,7,4,6,7,4,6,6,5,4,3,2,2,2,2,1,2
52,1/1/1980 0:00:00,69.125.70.143,32,8,1,6,6,4,6,2,1,5,6,4,6,5,4,6,1,6,1,5,1,1,5,2,4,1,1,5
53,1/1/1980 0:00:00,71.15.41.172,32,6,1,6,6,3,7,2,6,5,7,2,6,5,4,7,1,2,1,2,1,1,1,1,1,1,1,1
54,1/1/1980 0:00:00,144.90.132.20,47,7,2,6,6,2,6,2,4,6,7,2,7,5,6,7,6,7,6,6,4,4,1,1,1,1,1,1
55,1/1/1980 0:00:00,63.131.206.47,34,8,1,5,5,3,6,2,6,6,6,3,6,5,6,6,1,6,1,4,1,1,7,4,4,1,1,6
56,1/1/1980 0:00:00,24.123.6.62,24,8,1,7,7,1,6,2,7,7,6,2,6,5,4,7,1,6,1,4,1,1,4,4,3,1,1,4
57,1/1/1980 0:00:00,50.194.146.225,33,9,1,6,5,3,5,2,2,5,7,2,7,5,6,7,1,7,7,6,7,1,1,1,1,1,1,1
58,1/1/1980 0:00:00,134.129.70.141,37,9,2,7,7,2,7,2,6,7,7,2,7,5,5,7,1,6,4,6,3,1,4,1,3,1,1,4
59,1/1/1980 0:00:00,50.4.8.171,24,5,1,7,7,2,7,2,4,6,7,2,7,4,2,7,1,2,1,2,1,1,5,4,3,1,1,5
60,1/1/1980 0:00:00,74.11.244.218,27,8,2,6,6,2,6,2,6,6,6,2,6,6,6,7,6,6,6,7,4,3,7,7,7,4,3,7
61,1/1/1980 0:00:00,192.168.206.150,31,8,1,7,7,2,7,2,5,5,7,1,7,4,6,7,1,5,4,3,2,1,1,1,1,1,1,1
62,1/1/1980 0:00:00,104.37.3.66,36,8,2,6,1,5,6,7,2,1,7,1,7,7,7,7,2,5,6,3,2,2,4,4,3,2,4,3
63,1/1/1980 0:00:00,66.39.212.178,21,8,1,6,7,1,7,2,5,7,7,2,6,4,5,7,1,7,7,6,6,1,2,1,4,1,1,3
64,1/1/1980 0:00:00,190.140.69.187,47,8,2,7,7,1,7,2,5,6,7,1,7,5,7,7,1,6,7,6,7,1,1,1,1,1,1,1
65,1/1/1980 0:00:00,24.241.85.106,34,5,2,7,7,2,7,2,6,5,7,2,7,5,6,7,1,7,1,6,1,2,1,1,1,1,1,1
66,1/1/1980 0:00:00,76.248.208.88,41,5,1,7,7,3,7,2,7,7,7,1,7,4,2,7,1,6,1,7,1,1,3,1,1,1,1,3
67,1/1/1980 0:00:00,71.169.188.151,31,4,1,6,6,4,6,2,6,6,6,2,6,4,6,7,1,5,1,6,3,6,1,1,1,1,1,1
68,1/1/1980 0:00:00,96.252.143.72,27,5,1,5,5,3,7,2,6,6,7,4,7,4,3,7,1,2,1,2,2,1,1,1,1,1,1,1
69,1/1/1980 0:00:00,73.180.157.215,35,7,1,7,7,2,7,2,7,7,7,2,7,4,5,7,1,6,1,5,1,1,1,1,1,1,1,1
70,1/1/1980 0:00:00,50.251.184.195,30,8,2,7,6,1,6,2,6,4,7,1,6,4,7,7,1,5,1,3,1,1,1,1,1,1,1,1
71,1/1/1980 0:00:00,97.92.252.23,29,3,2,6,6,2,7,2,6,5,7,5,7,4,4,7,1,7,5,6,3,1,1,1,1,1,1,1
72,1/1/1980 0:00:00,24.98.84.240,26,8,2,7,5,1,7,2,6,6,7,5,7,4,3,7,2,7,5,4,2,2,5,1,3,1,1,4
73,1/1/1980 0:00:00,173.12.2.103,26,6,2,7,7,1,7,2,7,5,7,3,7,4,4,7,1,5,1,4,1,1,3,2,3,1,1,3
74,1/1/1980 0:00:00,99.113.92.181,34,8,1,7,6,3,7,2,3,5,7,3,7,4,4,7,7,6,1,3,1,7,1,1,1,1,1,1
75,1/1/1980 0:00:00,104.8.217.57,41,8,2,6,6,6,6,2,6,6,6,3,7,5,5,7,1,6,1,3,1,1,1,1,1,1,1,1
76,1/1/1980 0:00:00,174.70.40.127,26,8,1,7,6,4,7,2,6,6,6,4,7,4,5,7,1,5,1,2,1,1,1,1,1,1,1,1
77,1/1/1980 0:00:00,12.23.232.193,26,8,1,6,6,2,6,2,3,6,7,4,6,4,3,7,7,6,6,3,6,2,1,1,1,1,1,1
78,1/1/1980 0:00:00,206.246.3.136,24,6,1,6,5,2,7,2,6,6,7,1,7,6,6,7,1,6,6,3,2,1,5,1,3,2,1,6
79,1/1/1980 0:00:00,71.235.157.105,49,8,1,6,6,2,6,2,6,6,7,2,7,4,2,7,5,5,1,6,1,5,7,1,5,1,5,6
80,1/1/1980 0:00:00,172.58.140.1,33,9,1,6,6,6,6,2,6,6,7,7,7,4,5,7,1,1,1,3,1,1,5,2,1,1,1,5
81,1/1/1980 0:00:00,104.244.240.185,31,8,2,7,7,2,6,2,5,4,7,2,7,4,5,7,1,4,1,3,1,1,1,1,1,1,1,1
82,1/1/1980 0:00:00,71.199.79.128,28,5,1,6,6,5,6,2,6,6,7,2,7,6,7,7,3,5,1,6,2,2,1,1,1,1,1,1
83,1/1/1980 0:00:00,68.112.93.23,26,4,2,6,6,4,7,2,6,5,6,4,6,5,4,7,1,2,1,6,6,6,2,2,3,2,3,2
84,1/1/1980 0:00:00,184.7.135.41,53,5,1,7,7,2,7,2,5,6,7,2,7,4,5,7,1,7,1,3,1,1,1,1,1,1,1,1
85,1/1/1980 0:00:00,76.92.208.9,47,8,1,7,7,3,7,2,5,6,7,1,7,4,5,7,1,6,1,4,1,1,1,1,1,1,1,1
86,1/1/1980 0:00:00,174.124.245.171,31,5,2,6,6,2,6,2,6,6,7,5,7,3,6,7,5,4,2,3,1,4,5,4,4,2,1,4
87,1/1/1980 0:00:00,108.233.166.239,37,8,1,7,7,6,7,2,6,7,7,1,7,4,6,7,5,6,6,4,4,5,1,1,1,1,1,1
88,1/1/1980 0:00:00,69.203.216.253,33,8,2,7,7,3,7,2,7,4,7,5,7,4,5,7,1,7,1,4,1,1,1,1,1,1,1,1
89,1/1/1980 0:00:00,174.47.145.2,25,8,2,6,6,3,6,2,5,5,6,3,6,4,4,7,1,6,3,5,2,1,6,1,2,1,1,4
90,1/1/1980 0:00:00,204.73.55.10,36,11,1,6,6,2,6,2,6,6,6,3,6,4,6,7,1,6,1,6,3,2,4,1,4,1,1,4
91,1/1/1980 0:00:00,213.118.188.4,22,5,1,7,7,2,7,2,5,6,7,6,7,6,6,7,7,7,3,7,6,7,1,1,2,1,1,1
92,1/1/1980 0:00:00,174.69.63.84,46,9,1,7,7,4,6,2,5,6,7,1,7,5,5,7,1,7,1,6,1,1,1,1,1,1,1,1
93,1/1/1980 0:00:00,12.227.193.130,30,8,1,6,6,4,7,2,2,5,7,2,6,4,6,7,6,6,7,5,4,4,1,1,1,1,1,1
94,1/1/1980 0:00:00,24.255.211.187,25,8,1,7,7,4,6,2,5,3,6,3,7,4,5,7,1,6,1,7,1,1,5,1,2,1,1,3
95,1/1/1980 0:00:00,99.165.73.117,36,4,2,6,6,4,6,2,5,4,7,3,7,4,3,7,1,7,1,7,1,1,1,1,1,1,1,1
96,1/1/1980 0:00:00,68.44.217.167,33,8,1,6,6,3,6,2,3,4,7,3,7,4,5,7,2,6,1,6,1,1,1,1,1,1,1,1
97,1/1/1980 0:00:00,130.160.78.205,30,11,1,7,7,2,7,2,5,6,7,2,7,4,5,7,1,1,1,1,1,1,1,1,1,1,1,1
98,1/1/1980 0:00:00,75.114.72.74,40,8,2,6,3,3,5,2,4,5,7,4,7,4,5,7,1,2,1,3,1,2,1,1,1,1,1,1
99,1/1/1980 0:00:00,65.112.10.74,30,9,2,7,7,2,7,2,3,7,7,1,7,4,5,7,1,7,3,6,2,1,7,3,4,1,1,7
100,1/1/1980 0:00:00,207.255.197.144,40,7,1,6,6,6,6,2,5,6,6,2,7,5,5,7,1,5,1,6,2,2,1,1,1,1,1,1
101,1/1/1980 0:00:00,198.86.96.5,20,5,1,7,7,5,7,2,6,6,7,5,7,4,2,7,1,1,1,2,1,1,2,1,1,1,1,2
102,1/1/1980 0:00:00,112.201.60.20,24,8,1,6,7,5,6,2,4,4,6,4,7,4,5,6,7,7,7,6,6,6,4,2,1,1,3,3
103,1/1/1980 0:00:00,209.51.68.132,21,5,2,6,6,2,4,2,4,5,5,4,6,4,4,6,1,7,6,7,3,1,5,1,2,1,1,4
104,1/1/1980 0:00:00,216.81.94.68,27,8,1,7,7,2,7,2,6,6,6,5,1,1,3,1,1,2,2,1,1,1,1,1,1,1,1,1
105,1/1/1980 0:00:00,72.68.8.219,21,8,1,6,6,1,7,2,7,6,6,2,2,2,2,2,4,5,5,6,4,4,5,6,4,5,3,4
106,1/1/1980 0:00:00,74.83.189.175,24,5,2,6,6,4,6,2,5,4,6,4,6,5,5,7,1,6,1,4,1,1,1,1,1,1,1,1
107,1/1/1980 0:00:00,67.45.112.102,22,3,2,7,7,1,7,2,4,6,7,1,7,7,7,7,1,1,1,2,2,2,1,1,1,1,1,1
108,1/1/1980 0:00:00,108.15.243.207,35,9,1,6,6,2,7,2,4,5,6,3,7,4,5,6,1,7,2,3,1,1,1,1,1,1,1,1
109,1/1/1980 0:00:00,173.17.76.64,19,7,2,6,7,1,7,2,6,6,6,5,6,4,1,7,1,5,1,4,1,2,5,1,2,1,1,4
110,1/1/1980 0:00:00,209.95.56.54,30,10,2,3,5,4,4,2,5,4,5,3,6,3,6,6,5,4,5,4,5,5,5,4,4,5,5,4
111,1/1/1980 0:00:00,184.1.96.176,27,5,1,7,7,2,7,2,7,7,7,1,7,4,5,7,1,1,1,1,1,1,1,1,1,1,1,1
112,1/1/1980 0:00:00,216.59.125.42,22,8,1,7,7,7,7,2,6,7,7,1,7,6,7,7,1,7,7,7,6,1,1,1,1,1,1,1
113,1/1/1980 0:00:00,184.98.61.225,24,4,2,5,6,4,6,2,5,5,6,5,5,1,2,6,5,6,7,6,6,6,2,2,2,1,1,2
114,1/1/1980 0:00:00,100.7.84.177,23,8,1,7,7,2,6,2,6,6,7,5,6,4,4,7,2,3,2,3,2,2,5,5,2,1,2,5
115,1/1/1980 0:00:00,71.237.23.88,69,9,1,7,7,1,7,2,6,7,7,2,7,4,6,7,1,7,1,6,1,1,1,1,1,1,1,1
116,1/1/1980 0:00:00,108.188.18.21,24,5,2,7,6,4,6,2,6,5,7,6,7,4,5,7,6,5,3,2,1,2,7,2,2,1,1,5
117,1/1/1980 0:00:00,68.40.31.128,42,8,1,7,7,1,7,2,7,7,7,1,7,4,5,7,7,1,1,1,1,7,1,1,1,1,1,1
118,1/1/1980 0:00:00,147.70.193.172,22,5,1,4,3,5,2,6,1,7,6,2,6,2,6,6,6,5,6,5,4,4,3,5,6,7,6,4
119,1/1/1980 0:00:00,66.189.4.93,31,11,1,7,7,2,7,2,5,7,7,1,7,4,4,7,1,6,1,3,1,1,1,1,1,1,1,1
120,1/1/1980 0:00:00,199.176.224.106,21,8,1,5,6,5,3,2,4,6,6,2,2,1,4,3,1,4,6,6,5,4,1,2,1,1,1,2
121,1/1/1980 0:00:00,74.98.189.245,46,8,1,7,7,4,7,2,6,7,7,2,7,5,4,7,1,6,1,3,1,1,5,5,3,1,1,5
122,1/1/1980 0:00:00,100.3.199.205,32,9,2,7,7,2,7,2,3,6,7,3,6,4,5,7,2,7,6,7,6,3,1,1,1,1,1,1
123,1/1/1980 0:00:00,96.32.22.57,22,5,2,7,7,2,7,2,2,7,7,1,7,6,6,7,1,7,4,6,4,1,7,7,6,4,1,7
124,1/1/1980 0:00:00,208.50.216.138,36,9,1,7,7,1,7,2,7,7,7,3,7,5,4,7,3,7,5,7,4,1,6,2,4,1,1,6
125,1/1/1980 0:00:00,69.166.160.131,30,5,1,7,7,1,6,2,7,7,7,2,7,4,6,7,1,6,1,4,2,1,5,3,2,1,1,4
126,1/1/1980 0:00:00,67.252.63.139,46,4,1,7,7,5,7,2,6,6,7,2,7,4,4,7,1,6,1,7,1,1,1,1,1,1,1,1
127,1/1/1980 0:00:00,97.79.137.243,23,8,1,7,7,3,6,1,6,5,6,4,7,4,6,7,4,7,5,6,2,3,1,1,1,1,1,1
129,1/1/1980 0:00:00,173.72.215.102,26,5,2,6,6,3,5,2,5,5,5,4,6,4,3,6,1,5,6,4,3,1,1,1,1,1,1,1
130,1/1/1980 0:00:00,108.211.197.17,56,8,1,6,6,3,6,2,6,6,7,7,7,6,4,1,3,3,1,2,1,1,1,1,1,1,1,1
131,1/1/1980 0:00:00,45.36.161.66,22,8,2,6,6,2,6,2,6,6,1,1,7,4,6,7,1,4,3,2,2,1,1,1,1,1,1,1
132,1/1/1980 0:00:00,71.235.19.168,42,7,2,7,7,1,7,2,4,7,7,1,7,6,7,7,1,6,1,5,1,1,6,1,4,1,1,4
133,1/1/1980 0:00:00,73.148.230.214,24,8,2,7,7,2,6,2,5,4,6,5,6,4,2,7,1,7,1,7,1,1,6,6,4,1,1,6
134,1/1/1980 0:00:00,72.168.176.16,29,4,1,6,6,2,7,2,6,6,7,3,7,6,6,7,1,1,1,1,1,1,1,1,1,1,1,1
135,1/1/1980 0:00:00,24.210.30.77,28,8,1,6,6,2,6,2,5,6,6,2,6,4,5,7,1,5,5,4,4,1,4,3,3,3,1,3
136,1/1/1980 0:00:00,97.101.0.90,50,5,2,7,7,2,7,2,3,6,7,3,7,5,4,7,1,6,1,3,1,1,2,2,1,1,1,2
137,1/1/1980 0:00:00,70.192.64.252,38,5,2,6,6,4,6,2,4,5,1,3,1,1,3,1,1,3,1,1,1,1,6,1,1,1,1,5
138,1/1/1980 0:00:00,72.0.130.202,27,9,1,7,7,6,6,2,6,6,7,3,7,5,5,7,6,7,1,5,1,4,1,1,1,1,1,1
139,1/1/1980 0:00:00,99.129.141.142,29,5,1,7,7,2,6,2,5,6,7,2,6,4,6,7,4,6,2,6,2,5,1,1,1,1,1,1
140,1/1/1980 0:00:00,75.132.129.214,31,1,2,6,6,4,6,2,5,6,6,3,6,4,5,7,7,7,1,7,1,1,1,1,1,1,1,1
141,1/1/1980 0:00:00,40.134.103.158,34,7,2,6,5,3,6,2,7,5,7,5,6,4,5,7,1,6,3,6,2,1,1,1,1,1,1,1
142,1/1/1980 0:00:00,198.241.51.190,36,5,1,7,7,1,7,2,7,7,7,4,7,1,3,7,1,7,6,7,3,2,1,1,1,1,1,1
143,1/1/1980 0:00:00,171.248.20.63,22,8,1,7,7,1,7,2,3,6,7,3,7,4,6,7,1,5,1,3,1,1,5,1,3,1,1,5
144,1/1/1980 0:00:00,75.168.23.23,26,5,2,6,6,2,7,2,7,5,6,5,7,4,2,7,1,1,1,1,1,1,1,1,1,1,1,1
146,1/1/1980 0:00:00,198.22.162.85,26,8,2,4,4,5,4,2,4,4,7,1,7,7,7,7,2,2,2,3,4,3,4,4,3,4,3,4
147,1/1/1980 0:00:00,71.11.21.45,28,7,1,7,7,1,7,2,6,7,7,1,7,7,7,7,1,7,1,4,1,1,3,1,2,1,1,4
148,1/1/1980 0:00:00,66.195.54.234,36,8,2,7,7,1,7,2,7,7,7,1,7,4,7,7,1,7,1,7,1,1,2,1,1,1,1,2
149,1/1/1980 0:00:00,172.89.182.108,19,5,2,7,6,2,7,2,5,5,7,2,7,4,6,7,4,7,2,7,2,6,1,1,1,1,1,1
151,1/1/1980 0:00:00,24.142.240.70,31,9,2,6,6,3,6,2,6,6,7,2,6,5,5,6,1,7,1,7,1,1,1,1,1,1,1,1
152,1/1/1980 0:00:00,68.42.203.119,29,5,2,7,7,1,7,2,6,6,7,2,7,4,5,7,1,7,5,7,6,2,1,1,1,1,1,1
153,1/1/1980 0:00:00,23.112.167.19,34,5,2,6,7,4,6,2,5,4,6,4,6,4,3,6,1,5,1,2,1,1,1,1,1,1,1,1
154,1/1/1980 0:00:00,99.100.222.199,41,8,1,6,6,5,6,2,6,5,7,2,7,4,3,7,1,6,1,6,1,2,1,1,1,1,1,1
156,1/1/1980 0:00:00,76.179.110.66,57,8,1,7,7,6,7,2,5,5,7,6,7,5,5,7,1,7,1,7,3,6,1,1,1,1,1,1
155,1/1/1980 0:00:00,50.88.100.100,31,8,2,6,6,4,7,2,6,6,7,1,6,6,6,7,6,6,6,6,4,7,1,1,1,1,1,1
157,1/1/1980 0:00:00,96.88.5.61,41,5,2,7,7,1,7,2,6,6,7,1,7,6,7,7,7,2,1,2,1,4,1,1,1,1,1,1
161,1/1/1980 0:00:00,65.184.200.137,35,8,1,6,6,2,7,2,6,6,7,1,7,5,6,7,1,7,6,5,5,1,3,2,2,1,1,3
159,1/1/1980 0:00:00,68.190.77.108,29,5,2,6,6,3,5,2,5,4,5,3,5,4,4,6,1,7,1,7,3,2,1,1,1,1,1,1
160,1/1/1980 0:00:00,157.182.84.10,23,8,1,7,6,3,7,2,6,6,7,2,7,5,5,7,2,7,1,6,2,1,4,1,1,1,1,3
162,1/1/1980 0:00:00,10.172.22.33,40,7,2,7,7,4,7,2,6,7,7,6,1,6,6,7,7,7,7,6,6,6,2,1,1,1,1,1
163,1/1/1980 0:00:00,72.178.232.225,30,11,1,7,7,2,7,2,5,5,7,2,7,4,5,7,4,6,1,6,1,1,1,1,1,1,1,1
164,1/1/1980 0:00:00,108.54.92.207,23,8,1,7,7,5,7,2,7,5,7,2,7,5,6,7,1,6,1,7,1,2,1,1,1,1,1,1
165,1/1/1980 0:00:00,70.199.152.7,32,7,2,7,7,1,7,2,7,7,7,1,7,4,7,7,1,7,7,2,6,1,5,1,3,6,1,5
166,1/1/1980 0:00:00,76.124.105.241,22,8,2,6,6,5,6,2,6,5,5,3,5,5,4,5,5,4,5,5,6,5,4,4,5,4,5,4
167,1/1/1980 0:00:00,173.162.58.74,31,8,1,7,7,1,7,2,5,6,7,3,7,4,5,7,6,6,1,3,1,6,1,1,1,1,1,1
168,1/1/1980 0:00:00,76.189.255.118,34,8,1,6,6,2,6,2,6,6,7,1,7,6,6,7,1,7,2,7,2,1,1,1,1,1,1,1
169,1/1/1980 0:00:00,198.8.80.212,24,5,1,6,6,2,6,2,6,4,5,4,5,5,6,7,7,6,1,5,4,6,7,6,5,2,6,7
170,1/1/1980 0:00:00,68.12.79.105,26,8,1,7,7,6,7,2,5,7,7,2,7,4,4,6,1,6,7,6,5,1,1,1,1,1,1,1
171,1/1/1980 0:00:00,73.192.218.134,33,5,2,6,6,2,6,2,5,6,7,3,7,4,5,7,1,1,1,3,1,1,5,1,2,1,1,4
172,1/1/1980 0:00:00,173.171.27.2,68,4,2,7,7,2,6,2,6,6,7,2,7,4,4,2,1,6,1,7,1,1,1,1,1,1,1,1
173,1/1/1980 0:00:00,71.170.239.80,26,7,2,7,5,2,7,2,2,6,6,4,7,4,2,7,6,7,7,7,5,4,4,1,2,1,3,3
174,1/1/1980 0:00:00,174.96.221.222,31,9,1,7,6,1,7,2,6,6,7,2,7,4,5,7,3,2,1,2,1,2,1,1,1,1,1,1
175,1/1/1980 0:00:00,72.92.234.160,28,5,1,6,6,2,5,2,5,6,6,2,6,4,5,7,1,6,1,3,1,1,1,1,1,1,1,1
176,1/1/1980 0:00:00,47.19.17.194,28,6,1,7,7,1,7,2,7,7,7,1,7,7,7,7,1,1,1,2,3,2,1,1,1,1,1,1
177,1/1/1980 0:00:00,199.254.165.170,23,7,1,6,7,1,6,2,7,3,7,3,7,3,5,7,1,7,5,6,3,1,7,6,6,1,1,7
178,1/1/1980 0:00:00,69.11.175.210,26,8,2,6,7,3,6,2,4,5,6,3,7,4,5,7,1,6,4,4,2,2,5,2,4,1,1,5
179,1/1/1980 0:00:00,99.191.208.70,40,7,1,7,7,2,6,2,6,5,7,1,7,4,6,7,1,7,1,6,1,1,5,1,3,1,1,5
180,1/1/1980 0:00:00,199.244.51.204,27,8,2,7,7,4,7,2,7,5,6,2,7,4,5,7,6,7,6,1,7,2,3,3,3,2,3,3
181,1/1/1980 0:00:00,68.14.253.20,28,6,1,7,7,1,7,2,7,7,1,2,7,5,5,7,1,7,7,6,6,1,1,1,1,1,1,1
182,1/1/1980 0:00:00,12.162.204.2,29,8,2,6,6,2,6,2,5,6,7,4,6,3,2,7,1,6,1,3,1,1,7,1,4,1,1,5
183,1/1/1980 0:00:00,72.222.112.230,37,9,1,6,4,4,5,2,4,4,5,5,6,4,4,6,1,2,1,1,1,1,1,1,1,1,1,1
184,1/1/1980 0:00:00,74.113.229.50,33,8,2,7,6,2,6,2,4,6,7,4,7,4,4,7,1,7,1,6,1,1,7,4,4,1,1,5
185,1/1/1980 0:00:00,73.184.60.230,47,8,1,6,7,3,7,2,3,6,7,1,7,6,7,7,1,7,7,7,6,2,1,1,1,1,1,1
186,1/1/1980 0:00:00,69.254.116.207,26,5,1,7,7,2,7,2,5,6,7,1,7,4,5,7,4,1,1,1,1,4,1,1,1,1,1,1
187,1/1/1980 0:00:00,38.111.252.82,25,8,1,7,6,4,6,2,1,4,6,6,6,3,4,6,1,1,1,1,1,1,4,1,1,1,1,4
188,1/1/1980 0:00:00,216.57.171.1,59,7,1,7,7,3,6,2,6,6,7,1,7,5,5,7,1,7,7,6,4,1,1,1,1,1,1,1
189,1/1/1980 0:00:00,173.23.68.200,23,5,2,6,6,2,6,2,5,5,6,4,6,4,5,7,1,1,1,1,1,1,2,2,1,2,2,2
190,1/1/1980 0:00:00,70.191.232.62,21,3,2,6,6,3,6,2,6,6,7,2,6,4,4,7,4,6,6,5,3,1,2,1,2,2,1,2
191,1/1/1980 0:00:00,74.106.9.252,19,5,2,7,7,3,6,2,6,6,6,5,6,4,4,7,1,1,1,1,1,1,1,1,1,1,1,1
192,1/1/1980 0:00:00,98.197.50.66,59,6,2,7,7,2,7,2,6,6,7,1,7,5,6,7,2,7,1,7,1,2,1,1,1,1,1,1
193,1/1/1980 0:00:00,68.50.247.16,26,5,1,7,7,2,7,2,6,4,6,3,5,4,6,7,1,3,1,2,1,1,1,1,1,1,1,1
194,1/1/1980 0:00:00,73.209.147.191,32,5,2,7,7,1,7,2,5,6,7,2,7,4,3,7,1,1,1,1,1,1,1,1,1,1,1,1
195,1/1/1980 0:00:00,68.42.48.141,28,9,1,7,7,2,7,2,3,4,7,3,7,4,5,7,3,1,1,1,1,2,5,5,1,1,1,3
196,1/1/1980 0:00:00,108.35.82.8,26,8,1,7,7,4,7,2,7,7,7,4,7,5,5,7,1,3,3,2,2,1,4,1,2,1,1,4
197,1/1/1980 0:00:00,174.84.234.40,22,5,1,6,6,2,5,2,3,4,6,5,1,1,3,1,1,3,1,2,1,1,7,4,3,1,1,6
198,1/1/1980 0:00:00,98.239.141.36,22,8,2,6,6,3,7,2,4,5,7,2,7,4,5,7,5,7,2,6,2,2,1,1,1,1,1,1
199,1/1/1980 0:00:00,68.36.193.54,26,8,1,7,7,1,7,2,7,6,7,2,7,4,5,7,1,4,1,1,1,1,4,1,1,1,1,4
200,1/1/1980 0:00:00,75.74.146.28,24,8,2,7,3,1,7,2,2,4,7,7,7,4,4,7,7,4,1,3,3,3,2,1,3,1,1,2
201,1/1/1980 0:00:00,174.61.199.136,39,5,1,7,7,7,7,2,3,7,7,1,7,4,2,7,1,6,2,6,3,1,7,4,6,1,1,7
202,1/1/1980 0:00:00,192.251.56.5,29,5,1,5,6,4,6,2,5,5,4,2,5,4,4,6,1,7,1,4,1,1,1,1,1,1,1,1
203,1/1/1980 0:00:00,50.201.253.146,24,5,1,7,7,2,7,2,7,7,7,1,7,4,7,7,6,4,1,2,1,6,4,2,3,3,6,3
204,1/1/1980 0:00:00,71.96.46.104,27,5,2,7,7,2,7,2,6,7,7,4,7,4,4,7,3,6,1,6,5,2,1,1,1,1,1,1
205,1/1/1980 0:00:00,71.206.0.197,26,8,1,7,7,2,6,2,5,4,6,2,7,4,5,7,1,7,1,7,1,1,6,1,3,1,1,4
206,1/1/1980 0:00:00,12.219.244.242,46,5,1,7,7,2,7,2,6,6,7,2,7,4,4,7,4,6,4,6,3,3,1,1,1,1,1,1
207,1/1/1980 0:00:00,204.136.186.146,30,8,1,7,7,1,7,2,7,7,7,1,7,5,7,7,5,7,7,7,3,3,1,1,1,1,1,1
208,1/1/1980 0:00:00,162.211.108.38,26,9,2,7,7,1,7,2,7,7,1,1,7,4,5,7,1,7,5,7,3,1,2,1,4,1,1,1
209,1/1/1980 0:00:00,107.146.239.206,24,3,1,7,7,2,7,2,7,7,7,1,7,5,7,7,1,4,4,2,2,1,1,1,3,3,1,1
210,1/1/1980 0:00:00,73.166.50.172,40,8,2,6,6,2,5,2,6,6,7,2,6,1,4,7,4,7,1,2,1,3,1,1,1,1,1,1
211,1/1/1980 0:00:00,74.110.97.207,29,7,1,5,6,2,6,2,6,6,6,3,6,4,4,6,1,6,1,5,2,1,1,1,1,1,1,1
212,1/1/1980 0:00:00,70.186.197.109,33,5,2,7,7,4,7,2,5,5,7,2,7,4,3,7,1,1,1,1,1,1,1,1,1,1,1,1
213,1/1/1980 0:00:00,108.252.164.193,30,8,2,7,5,2,6,2,6,5,7,1,7,4,5,7,5,6,2,6,1,5,3,1,3,1,1,2
214,1/1/1980 0:00:00,24.193.104.79,27,9,2,7,7,3,6,2,6,6,7,2,7,4,6,7,7,7,7,7,7,7,1,1,1,1,1,1
215,1/1/1980 0:00:00,24.205.220.97,21,5,1,7,7,4,5,2,4,5,6,7,7,1,2,7,1,3,1,2,1,1,4,1,2,1,1,3
216,1/1/1980 0:00:00,50.155.60.153,74,8,1,6,6,4,5,2,5,5,6,4,6,4,5,7,1,1,1,1,1,1,1,1,1,1,1,1
223,1/1/1980 0:00:00,98.29.1.88,38,8,1,7,7,4,7,2,5,6,7,2,7,4,5,7,1,4,1,3,1,1,5,1,2,1,1,3
218,1/1/1980 0:00:00,174.111.229.30,34,3,2,5,7,4,6,2,1,6,6,2,7,4,3,7,1,7,6,3,2,1,1,1,1,1,1,1
219,1/1/1980 0:00:00,24.62.140.124,24,5,2,7,7,1,7,2,6,3,7,1,7,6,7,7,3,6,6,6,6,5,2,3,2,1,1,2
220,1/1/1980 0:00:00,216.160.230.10,43,9,2,6,6,2,6,2,6,6,6,6,6,5,5,7,7,7,2,6,2,6,4,1,3,1,3,4
221,1/1/1980 0:00:00,108.218.197.58,36,8,1,7,7,2,6,2,6,7,7,1,7,4,6,7,1,5,1,3,1,1,1,1,1,1,1,1
222,1/1/1980 0:00:00,174.219.9.192,43,6,1,6,6,3,6,2,6,6,7,1,7,5,6,7,5,6,4,6,3,6,1,1,1,1,1,1
224,1/1/1980 0:00:00,38.111.39.2,48,8,2,7,7,2,7,2,5,4,7,1,7,1,5,7,1,7,6,6,3,1,1,1,1,1,1,1
225,1/1/1980 0:00:00,24.10.66.71,34,8,2,6,6,3,5,2,5,6,6,2,6,4,5,7,1,6,1,6,1,1,1,1,1,1,1,1
226,1/1/1980 0:00:00,76.121.183.222,45,8,2,6,6,3,7,2,6,6,7,4,1,1,5,1,1,7,2,5,1,1,1,1,1,1,1,1
227,1/1/1980 0:00:00,64.251.153.222,22,5,2,6,7,6,6,2,5,6,1,1,1,4,4,7,1,2,1,3,1,1,1,1,1,1,1,1
228,1/1/1980 0:00:00,23.24.61.173,32,8,1,7,7,4,6,2,5,6,7,1,6,4,5,7,6,6,1,2,1,4,1,1,1,1,1,1
229,1/1/1980 0:00:00,67.241.154.150,22,5,1,6,6,2,6,2,6,6,7,2,7,7,7,7,7,7,4,4,2,1,1,1,1,1,1,1
230,1/1/1980 0:00:00,129.228.196.21,25,8,1,7,6,2,6,2,6,6,7,6,1,1,4,7,5,7,1,7,1,5,1,1,1,1,1,1
231,1/1/1980 0:00:00,173.57.145.75,24,8,1,7,7,1,7,2,7,7,7,7,7,7,7,7,1,1,1,1,1,1,1,1,1,1,1,1
232,1/1/1980 0:00:00,173.29.112.195,55,5,2,7,7,5,7,2,7,7,7,1,7,4,5,7,4,6,6,3,2,3,1,1,1,1,1,1
233,1/1/1980 0:00:00,50.49.151.165,61,6,1,7,7,3,6,2,4,5,7,1,7,4,3,7,1,1,1,3,1,1,1,1,1,1,1,1
234,1/1/1980 0:00:00,73.88.220.242,51,5,1,7,7,1,7,2,7,7,7,4,1,1,3,7,6,6,1,6,1,5,5,5,5,5,5,5
235,1/1/1980 0:00:00,174.104.124.100,30,5,2,5,6,3,5,2,3,4,5,6,5,6,6,6,4,4,3,5,4,4,4,2,3,2,1,4
236,1/1/1980 0:00:00,110.224.235.179,23,8,2,6,7,3,5,2,5,4,7,3,6,5,5,7,7,6,3,5,3,6,3,4,3,2,3,4
237,1/1/1980 0:00:00,69.140.91.139,21,8,2,5,5,6,5,2,6,6,6,2,6,4,5,7,1,5,1,2,1,1,3,1,3,1,1,2
238,1/1/1980 0:00:00,96.11.127.70,36,9,2,7,7,4,7,2,6,6,7,2,6,4,5,7,1,7,5,5,2,1,1,1,1,1,1,1
239,1/1/1980 0:00:00,23.92.7.192,20,4,2,5,5,3,6,2,5,5,7,1,7,5,6,7,5,5,7,6,7,5,1,1,1,1,1,1
240,1/1/1980 0:00:00,24.214.162.100,44,4,2,7,7,2,6,2,6,7,7,3,7,4,2,7,1,1,1,1,1,1,1,1,1,1,1,1
241,1/1/1980 0:00:00,209.129.29.2,18,5,1,7,7,2,7,2,7,7,6,6,6,4,4,7,1,6,1,6,1,1,7,2,6,1,1,7
242,1/1/1980 0:00:00,70.215.3.161,35,8,2,7,5,5,6,2,5,6,7,3,7,4,6,7,1,7,7,5,6,2,1,1,1,1,1,1
243,1/1/1980 0:00:00,104.136.70.218,28,7,1,7,6,5,7,2,7,7,5,2,5,5,6,7,1,7,7,7,7,7,3,1,4,2,1,2
244,1/1/1980 0:00:00,67.238.0.152,27,4,1,7,7,6,7,2,5,5,7,2,7,5,6,7,1,1,1,2,1,1,3,4,2,1,1,3
245,1/1/1980 0:00:00,24.15.100.184,21,5,1,7,7,1,7,2,5,7,7,1,7,4,5,7,1,7,1,7,2,1,1,1,1,1,1,1
246,1/1/1980 0:00:00,73.104.45.87,23,8,2,7,6,1,7,2,6,6,7,2,7,4,5,7,5,5,1,7,2,2,3,1,3,1,1,3
247,1/1/1980 0:00:00,73.211.245.31,56,4,1,7,7,3,7,2,6,6,7,5,7,4,4,7,1,7,1,6,1,1,1,1,1,1,1,1
248,1/1/1980 0:00:00,24.167.51.145,29,5,2,4,5,4,4,4,4,5,2,3,6,4,2,6,5,4,5,5,4,5,4,4,5,4,4,4
249,1/1/1980 0:00:00,74.110.198.82,25,9,2,7,7,3,7,2,6,7,7,2,7,6,6,7,1,6,5,7,3,1,1,1,1,1,1,1
250,1/1/1980 0:00:00,184.3.99.100,34,5,2,6,7,4,7,2,5,5,7,2,7,4,5,7,1,2,1,7,1,1,1,1,1,1,1,1
251,1/1/1980 0:00:00,50.86.55.130,38,8,1,6,6,2,6,2,6,4,6,4,6,5,4,6,1,6,1,2,1,1,2,1,1,1,1,2
253,1/1/1980 0:00:00,73.130.226.218,23,4,2,7,7,1,4,2,7,7,7,1,7,4,7,7,1,2,1,2,1,4,2,2,2,1,1,2
255,1/1/1980 0:00:00,73.65.160.7,23,5,1,6,6,2,7,2,5,5,7,2,7,6,6,7,6,7,5,6,3,4,5,1,6,2,3,4
256,1/1/1980 0:00:00,67.168.161.76,24,8,1,6,6,2,7,2,6,7,6,3,7,5,4,7,1,7,5,6,4,1,4,1,2,1,1,3
257,1/1/1980 0:00:00,68.53.121.58,27,5,1,7,7,2,7,2,5,5,7,4,6,4,3,7,1,6,6,6,6,3,4,1,5,3,1,4
258,1/1/1980 0:00:00,98.109.58.3,40,8,1,6,6,3,6,2,6,6,7,3,7,4,4,7,1,6,1,2,1,1,1,1,1,1,1,1
259,1/1/1980 0:00:00,69.132.180.239,54,5,2,7,7,4,6,2,7,6,7,1,7,4,6,7,1,6,1,5,1,1,1,1,1,1,1,1
260,1/1/1980 0:00:00,162.222.237.120,36,5,1,6,6,4,5,2,3,5,6,4,6,5,4,7,1,7,1,6,1,1,1,1,1,1,1,1
261,1/1/1980 0:00:00,67.204.131.156,21,5,1,7,7,2,7,2,6,7,7,2,7,4,5,7,6,6,1,6,1,6,4,1,4,1,2,3
262,1/1/1980 0:00:00,130.132.173.20,23,8,2,6,6,4,6,2,5,4,6,4,5,5,5,7,1,7,1,7,1,1,7,1,4,1,1,7
263,1/1/1980 0:00:00,173.28.226.102,33,5,1,7,7,2,6,2,4,6,7,3,7,5,4,7,1,2,1,2,1,2,1,1,1,1,1,1
264,1/1/1980 0:00:00,173.185.77.71,28,5,1,6,6,2,6,2,5,4,7,5,6,5,5,7,1,3,1,2,1,1,1,1,1,1,1,1
265,1/1/1980 0:00:00,165.138.243.200,26,8,2,6,6,2,6,2,6,4,6,4,2,2,4,1,1,7,1,3,1,1,5,3,3,1,1,5
266,1/1/1980 0:00:00,68.49.152.79,20,5,2,7,7,2,7,2,5,5,7,3,7,4,5,7,6,7,1,6,1,3,7,5,6,1,3,7
267,1/1/1980 0:00:00,108.83.189.202,38,9,1,7,7,2,7,2,5,6,7,2,7,5,6,7,4,7,6,7,4,2,1,1,1,1,1,1
268,1/1/1980 0:00:00,69.180.78.50,40,9,1,7,7,1,7,2,7,7,7,1,7,5,6,7,6,7,7,7,6,6,1,1,1,1,1,1
270,1/1/1980 0:00:00,216.66.125.161,43,8,1,7,7,1,6,2,6,6,7,3,7,3,3,7,1,6,1,3,1,1,1,1,1,1,1,1
271,1/1/1980 0:00:00,140.254.77.223,19,5,1,6,6,6,6,2,6,6,6,2,6,6,6,6,6,7,6,6,6,6,6,6,3,3,3,6
272,1/1/1980 0:00:00,72.209.200.159,42,9,1,7,7,6,7,2,5,6,7,1,7,4,4,7,1,7,1,7,1,1,2,1,2,1,1,2
273,1/1/1980 0:00:00,73.152.250.59,39,8,2,5,6,3,5,2,5,5,5,5,6,4,4,6,1,1,1,6,1,3,1,1,1,1,1,1
274,1/1/1980 0:00:00,76.189.158.72,25,8,2,6,6,1,6,2,7,7,7,1,7,7,7,7,4,6,6,3,6,3,4,1,3,3,5,4
275,1/1/1980 0:00:00,67.174.153.115,29,5,1,7,7,1,7,2,7,7,7,1,7,4,7,7,1,6,1,7,6,4,5,7,6,1,1,5
276,1/1/1980 0:00:00,97.83.145.247,21,7,1,7,6,2,6,2,4,6,7,7,6,5,5,6,1,7,6,6,6,3,1,1,2,2,2,1
277,1/1/1980 0:00:00,75.115.106.74,21,5,2,7,7,2,7,2,7,7,7,1,7,6,7,7,2,7,7,6,6,3,7,3,6,6,6,7
278,1/1/1980 0:00:00,76.79.205.82,36,9,1,6,6,1,6,2,6,6,7,1,7,4,7,7,1,6,1,1,6,1,1,1,1,1,1,1
279,1/1/1980 0:00:00,24.160.74.65,35,5,2,6,6,3,5,2,5,5,6,4,5,5,5,7,1,4,5,4,5,2,1,1,1,1,1,1
280,1/1/1980 0:00:00,68.226.133.11,24,5,2,7,7,3,6,2,5,6,6,5,6,4,5,7,1,6,1,4,1,1,4,1,1,1,1,2
281,1/1/1980 0:00:00,96.91.196.121,19,5,1,7,7,3,7,2,7,7,7,1,7,4,7,7,1,6,2,2,1,1,1,1,1,1,1,1
282,1/1/1980 0:00:00,73.131.31.117,29,7,1,6,6,3,6,2,6,6,7,3,7,4,4,7,1,5,5,6,5,1,7,7,7,7,7,7
283,1/1/1980 0:00:00,73.29.55.160,30,8,1,6,6,2,7,2,3,4,6,2,6,4,5,7,7,7,1,4,1,2,1,1,1,1,1,1
284,1/1/1980 0:00:00,75.134.234.160,30,8,2,6,7,4,6,2,4,6,7,5,7,4,3,7,1,2,1,2,1,1,2,1,1,1,1,1
285,1/1/1980 0:00:00,99.61.25.137,30,7,1,6,6,1,7,2,6,5,7,2,6,4,6,7,1,7,1,6,1,1,1,1,1,1,1,1
286,1/1/1980 0:00:00,174.63.121.188,25,7,2,7,7,2,6,2,6,6,6,3,6,5,5,7,1,7,1,7,1,1,3,1,2,1,1,2
287,1/1/1980 0:00:00,96.33.170.235,73,9,1,7,7,2,7,3,5,6,6,2,7,4,4,7,7,6,1,6,1,1,1,1,1,1,1,1
288,1/1/1980 0:00:00,66.169.99.54,37,8,2,4,6,2,6,2,7,6,7,2,7,4,5,7,1,5,5,2,2,1,1,1,1,1,1,1
289,1/1/1980 0:00:00,74.70.255.246,34,8,1,7,7,1,7,2,6,6,7,1,7,4,5,7,6,7,5,7,4,3,1,1,1,1,1,1
290,1/1/1980 0:00:00,104.35.186.53,52,6,1,6,6,2,5,2,5,5,1,3,6,1,5,6,1,1,1,1,1,1,1,1,1,1,1,1
291,1/1/1980 0:00:00,172.112.6.58,50,6,2,1,1,4,5,2,6,6,7,1,7,4,4,7,1,6,1,6,6,3,1,1,1,1,1,1
292,1/1/1980 0:00:00,216.255.60.46,39,5,1,7,6,5,6,2,6,6,1,5,1,1,2,7,7,7,1,3,1,3,1,1,1,1,1,1
293,1/1/1980 0:00:00,173.164.138.98,39,6,2,7,7,5,7,2,5,6,7,6,7,4,4,7,1,7,6,6,6,1,1,1,1,1,1,1
294,1/1/1980 0:00:00,70.199.153.112,33,8,1,7,5,2,7,2,6,6,6,2,6,4,5,7,1,4,1,4,1,1,1,1,1,1,1,1
295,1/1/1980 0:00:00,73.224.84.22,51,7,2,7,7,3,7,2,5,7,7,2,6,6,6,7,5,6,5,6,5,5,1,1,1,1,1,1
296,1/1/1980 0:00:00,69.207.10.113,29,8,1,7,7,5,7,2,7,6,7,1,7,7,7,7,1,6,7,6,6,1,1,1,1,1,1,1
297,1/1/1980 0:00:00,166.137.10.78,28,9,1,7,7,3,7,2,7,6,7,1,7,4,7,7,1,6,2,3,1,1,1,1,1,1,1,1
298,1/1/1980 0:00:00,71.87.109.15,49,7,1,7,7,2,7,2,7,7,7,1,7,4,5,7,1,7,1,7,1,1,7,2,7,1,1,7
299,1/1/1980 0:00:00,72.199.150.79,21,5,2,5,5,4,6,2,5,6,6,5,6,4,5,7,1,6,1,6,1,1,7,1,6,1,1,6
300,1/1/1980 0:00:00,67.87.152.98,33,9,1,6,6,2,6,2,6,6,7,3,7,4,4,7,1,6,1,5,1,1,1,1,1,1,1,1
301,1/1/1980 0:00:00,50.81.65.59,27,8,1,7,7,5,7,2,6,6,7,1,7,5,6,7,1,6,1,6,1,1,6,1,6,1,1,5
302,1/1/1980 0:00:00,10.239.104.206,41,6,2,6,6,5,7,2,6,6,6,4,2,1,6,1,1,4,1,3,1,1,6,2,4,1,1,7
303,1/1/1980 0:00:00,65.51.18.145,35,5,1,7,7,3,7,2,2,4,7,2,7,4,5,7,1,7,1,6,1,1,7,2,3,1,1,5
304,1/1/1980 0:00:00,96.226.163.133,24,7,1,7,7,1,7,2,7,7,7,3,7,4,2,7,1,2,1,2,1,1,1,1,1,1,1,1
305,1/1/1980 0:00:00,181.215.115.212,49,7,2,6,5,4,6,2,6,4,7,1,7,4,5,7,3,6,7,6,7,3,2,1,1,1,1,2
306,1/1/1980 0:00:00,164.64.81.93,27,9,1,7,7,4,7,2,6,6,7,1,7,6,6,7,1,6,4,6,2,1,3,1,2,1,1,2
307,1/1/1980 0:00:00,104.229.226.235,56,5,2,7,7,3,7,2,5,7,7,1,7,6,6,7,5,6,1,6,1,4,1,1,1,1,1,1
308,1/1/1980 0:00:00,70.126.122.21,33,5,1,7,7,1,7,2,5,7,7,3,7,4,4,7,1,7,2,5,3,5,3,1,3,1,1,3
309,1/1/1980 0:00:00,69.119.98.50,21,6,1,7,7,1,7,2,5,7,7,2,7,4,3,7,1,2,1,2,1,1,6,6,7,1,1,6
310,1/1/1980 0:00:00,68.49.227.21,24,5,2,7,6,1,7,2,7,6,7,2,6,5,6,7,7,6,6,4,3,7,5,2,3,2,4,5
311,1/1/1980 0:00:00,97.83.238.43,73,6,2,6,6,3,5,2,4,4,6,5,1,1,1,1,1,7,1,5,1,1,1,1,1,1,1,1
312,1/1/1980 0:00:00,199.101.36.244,38,7,1,7,7,1,7,2,7,7,7,2,7,6,6,7,6,7,7,2,3,3,1,1,1,1,1,1
313,1/1/1980 0:00:00,74.119.24.10,23,9,2,6,6,2,6,2,6,6,7,1,7,4,4,7,1,6,4,4,3,1,1,1,1,1,1,1
314,1/1/1980 0:00:00,209.140.45.51,31,4,1,7,7,4,4,2,7,4,7,7,7,4,5,7,1,6,1,6,6,1,1,1,1,1,1,1
315,1/1/1980 0:00:00,99.127.226.27,55,8,1,5,6,3,6,2,5,5,7,2,6,4,5,7,1,6,1,5,6,4,1,1,1,1,1,1
316,1/1/1980 0:00:00,97.91.4.56,51,7,2,7,7,3,7,2,6,7,7,5,6,5,5,7,7,6,7,3,5,2,1,1,1,1,1,1
317,1/1/1980 0:00:00,63.226.244.242,25,7,2,7,7,1,6,2,7,4,7,1,7,4,6,7,7,7,3,7,2,7,1,1,1,1,1,1
318,1/1/1980 0:00:00,73.194.197.136,46,7,2,6,6,4,7,2,5,6,7,3,7,4,5,7,1,6,1,3,1,1,1,1,1,1,1,1
319,1/1/1980 0:00:00,72.191.134.253,35,4,2,6,5,5,6,2,4,5,7,5,2,2,1,1,1,6,4,3,2,1,1,1,1,1,1,1
320,1/1/1980 0:00:00,192.203.126.16,44,8,2,6,6,3,5,2,4,4,7,2,7,4,5,7,1,6,1,6,1,1,6,1,6,1,1,5
321,1/1/1980 0:00:00,50.192.73.105,23,8,1,7,6,6,6,2,4,6,7,5,7,4,3,7,1,1,1,6,4,3,1,1,1,1,1,1
322,1/1/1980 0:00:00,73.8.215.150,29,8,1,5,5,6,6,2,4,5,7,5,7,4,3,7,5,6,1,7,1,1,7,6,7,1,1,7
323,1/1/1980 0:00:00,24.213.186.66,37,5,1,7,7,2,7,2,5,6,7,3,7,5,6,7,1,7,1,7,2,2,1,1,1,1,1,1
324,1/1/1980 0:00:00,50.80.173.128,23,5,2,6,5,2,7,2,5,6,6,5,6,4,3,6,1,6,4,6,1,1,6,1,2,1,1,4
325,1/1/1980 0:00:00,162.225.248.145,29,9,1,7,7,1,7,2,5,7,7,1,7,4,5,7,1,6,1,2,1,1,1,1,1,1,1,1
326,1/1/1980 0:00:00,174.76.18.112,34,8,1,7,7,5,7,2,7,7,7,1,7,5,7,7,6,7,6,7,7,3,5,1,2,2,2,5
327,1/1/1980 0:00:00,67.251.70.176,28,9,1,7,7,4,7,2,6,7,7,2,7,4,7,7,1,4,1,2,1,1,1,1,1,1,1,1
328,1/1/1980 0:00:00,24.160.171.245,34,8,1,7,7,1,7,2,7,7,7,2,7,5,7,7,1,6,1,6,1,1,1,1,1,1,1,1
329,1/1/1980 0:00:00,209.36.87.252,36,5,1,5,6,3,6,2,6,6,7,1,7,4,4,7,1,5,1,5,2,1,1,1,1,1,1,1
330,1/1/1980 0:00:00,216.74.243.138,33,9,1,7,7,1,7,2,6,6,7,2,7,4,5,7,1,2,3,2,2,1,1,1,1,1,1,1
331,1/1/1980 0:00:00,130.184.253.32,34,11,2,7,7,1,7,2,5,7,7,1,7,4,5,7,1,7,6,7,4,1,1,1,1,1,1,1
332,1/1/1980 0:00:00,72.188.194.251,23,7,1,6,6,4,6,2,6,4,7,1,7,4,5,7,6,6,4,3,3,3,5,2,3,1,1,6
333,1/1/1980 0:00:00,69.170.80.15,47,5,1,7,6,1,7,2,6,7,7,2,7,6,5,7,2,5,2,4,2,2,2,2,2,1,1,3
334,1/1/1980 0:00:00,50.133.116.193,25,10,1,7,7,2,7,2,7,7,7,1,7,4,4,7,1,7,4,7,4,1,1,1,1,1,1,1
335,1/1/1980 0:00:00,98.148.80.186,37,8,2,6,6,2,6,2,6,6,6,3,6,4,3,6,1,7,1,1,1,1,1,1,1,1,1,1
336,1/1/1980 0:00:00,75.190.75.37,32,8,2,5,6,2,6,2,4,6,7,2,7,5,6,7,6,7,6,6,6,3,1,1,1,1,1,1
337,1/1/1980 0:00:00,150.250.146.147,23,8,1,7,6,4,6,2,6,6,6,7,5,4,2,1,2,4,1,6,1,3,1,1,1,1,1,1
338,1/1/1980 0:00:00,68.238.150.74,33,5,1,1,1,3,1,2,5,5,7,3,7,4,2,7,1,6,1,4,1,1,6,1,4,1,1,5
339,1/1/1980 0:00:00,63.70.93.74,27,8,1,4,5,4,6,7,6,6,2,3,4,5,4,4,2,4,4,3,4,4,3,6,6,5,6,6
340,1/1/1980 0:00:00,138.115.69.63,31,8,2,7,7,1,7,2,7,7,7,1,7,4,7,7,1,6,5,3,6,2,1,1,1,1,1,1
341,1/1/1980 0:00:00,24.116.108.77,49,5,1,6,6,2,6,2,6,6,7,1,7,5,6,7,1,6,1,6,1,1,1,1,1,1,1,1
342,1/1/1980 0:00:00,68.80.252.214,29,8,2,7,5,5,6,2,5,4,6,1,6,4,3,7,6,7,4,7,4,5,2,1,5,1,1,3
343,1/1/1980 0:00:00,71.80.230.115,30,7,1,7,6,2,7,2,7,6,7,2,7,6,6,7,1,7,7,6,5,1,1,1,1,1,1,1
344,1/1/1980 0:00:00,67.191.219.75,26,8,1,6,5,1,7,2,6,7,7,4,6,4,6,7,6,2,3,3,4,1,1,1,1,1,1,1
345,1/1/1980 0:00:00,66.192.42.2,27,8,2,5,5,5,5,2,5,5,6,3,6,3,3,5,5,6,1,6,1,3,6,2,6,3,4,6
346,1/1/1980 0:00:00,50.193.176.121,25,8,1,6,2,2,7,2,6,6,6,4,7,4,5,7,2,6,6,4,4,1,5,1,2,1,1,5
347,1/1/1980 0:00:00,99.99.244.218,26,4,2,6,4,6,6,6,5,6,6,2,5,4,5,7,5,5,4,3,2,2,7,2,6,6,6,7
348,1/1/1980 0:00:00,172.79.200.183,36,9,1,7,7,3,7,2,7,7,7,1,7,4,7,7,5,7,7,6,6,2,1,1,1,1,1,1
349,1/1/1980 0:00:00,71.8.122.105,35,5,2,6,6,2,6,2,6,5,7,2,7,5,6,7,1,6,1,4,1,3,1,1,1,1,1,1
350,1/1/1980 0:00:00,99.51.76.86,49,11,1,7,7,2,7,2,4,5,6,2,6,4,5,7,1,6,6,4,1,1,1,1,1,1,1,1
351,1/1/1980 0:00:00,75.70.214.203,24,8,1,6,7,2,7,2,6,6,7,2,7,5,6,7,5,5,6,3,6,2,1,1,1,1,1,1
352,1/1/1980 0:00:00,96.2.3.222,43,7,1,7,7,3,6,2,3,5,7,4,7,4,5,6,1,6,1,2,1,1,2,2,1,1,1,2
353,1/1/1980 0:00:00,70.199.129.0,24,8,2,7,6,2,7,2,6,5,7,2,7,4,5,7,1,6,1,6,6,4,5,1,6,1,1,5
354,1/1/1980 0:00:00,67.232.53.68,40,3,1,6,6,3,7,2,4,4,6,3,6,4,5,7,1,4,1,2,1,1,5,1,2,1,1,5
355,1/1/1980 0:00:00,98.145.8.187,22,8,2,4,4,5,4,2,5,5,4,3,4,5,4,5,3,5,6,6,3,2,7,7,6,5,2,7
356,1/1/1980 0:00:00,70.168.142.202,28,5,2,2,7,2,7,2,6,5,6,3,6,4,4,7,1,6,4,4,2,1,1,1,1,1,1,1
357,1/1/1980 0:00:00,73.148.133.73,18,4,1,7,7,2,6,2,5,3,1,1,7,5,6,7,5,7,6,6,6,5,2,1,2,1,1,2
358,1/1/1980 0:00:00,68.43.56.104,26,9,1,7,7,4,7,2,7,7,7,1,7,4,7,7,4,7,4,6,2,2,2,1,2,1,1,2
359,1/1/1980 0:00:00,143.231.249.138,25,8,2,6,6,3,6,2,5,5,6,6,7,4,5,7,5,6,2,5,2,3,4,1,4,1,1,4
360,1/1/1980 0:00:00,204.116.23.213,65,6,1,7,7,5,7,2,5,5,7,1,7,4,6,7,1,7,1,7,1,1,1,1,1,1,1,1
361,1/1/1980 0:00:00,140.254.70.165,34,8,2,7,7,3,7,2,7,7,7,1,7,4,6,7,4,7,7,7,7,3,1,1,1,1,1,1
362,1/1/1980 0:00:00,70.210.53.89,32,8,2,7,7,3,7,2,7,7,7,3,6,1,6,7,1,1,1,1,1,1,1,1,1,1,1,1
363,1/1/1980 0:00:00,155.41.140.7,44,8,2,7,7,1,7,2,1,6,7,4,7,4,4,6,1,7,1,6,6,6,4,1,2,1,1,2
364,1/1/1980 0:00:00,174.60.196.180,40,6,1,7,7,2,7,2,6,4,7,1,7,5,4,7,1,6,1,4,1,1,1,1,1,1,1,1
365,1/1/1980 0:00:00,71.101.245.135,26,4,1,6,6,2,6,2,5,6,7,3,6,4,4,7,1,5,4,2,2,1,5,5,4,2,1,5
366,1/1/1980 0:00:00,98.208.6.10,38,8,2,7,7,3,7,2,6,5,7,1,7,6,7,7,6,7,7,7,7,3,1,1,1,1,1,1
367,1/1/1980 0:00:00,184.176.40.178,35,8,1,7,7,4,7,2,5,5,7,2,7,5,6,7,6,6,7,3,3,2,5,2,3,1,2,5
368,1/1/1980 0:00:00,68.14.1.127,38,8,1,6,6,3,6,2,6,6,6,2,6,5,5,7,1,6,2,3,2,1,1,1,1,1,1,1
369,1/1/1980 0:00:00,68.104.1.249,26,8,2,7,7,2,7,2,6,6,7,1,7,7,7,7,6,7,5,7,4,1,7,4,7,3,1,7
370,1/1/1980 0:00:00,140.254.77.254,23,5,1,6,6,3,5,2,5,5,6,5,6,4,3,6,1,6,6,4,4,1,6,3,3,1,1,5
371,1/1/1980 0:00:00,63.237.117.10,23,8,1,6,6,2,5,2,6,6,6,3,6,4,6,7,7,7,4,6,3,6,1,1,1,1,1,1
372,1/1/1980 0:00:00,152.13.116.197,23,8,1,7,7,2,6,2,6,6,7,3,6,4,5,7,1,4,3,1,1,1,1,1,1,1,1,1
373,1/1/1980 0:00:00,24.15.212.27,29,8,1,6,6,2,6,2,5,6,7,3,6,5,5,7,2,5,1,4,1,1,1,1,1,1,1,1
374,1/1/1980 0:00:00,64.251.51.5,36,9,2,6,6,4,6,2,3,4,6,3,6,4,5,6,1,4,7,3,6,1,1,1,1,1,1,1
375,1/1/1980 0:00:00,172.56.31.100,23,4,2,5,5,6,6,2,5,7,6,3,7,4,2,7,6,7,4,4,3,3,3,4,3,1,1,4
376,1/1/1980 0:00:00,159.39.10.30,34,8,1,7,7,2,7,2,5,7,7,3,7,4,5,7,1,4,1,1,1,1,4,4,2,1,1,4
377,1/1/1980 0:00:00,99.137.240.15,34,8,2,7,6,3,6,2,6,6,1,1,7,1,4,7,1,6,7,3,3,1,1,1,1,1,1,1
378,1/1/1980 0:00:00,50.136.93.137,28,11,1,7,7,2,7,2,5,6,7,1,7,5,6,7,6,7,6,7,4,6,7,7,7,1,1,7
379,1/1/1980 0:00:00,108.48.180.210,22,8,1,5,6,2,6,2,3,5,6,5,7,4,3,7,1,6,1,7,1,1,5,2,6,1,1,4
380,1/1/1980 0:00:00,134.163.188.55,39,9,2,7,7,4,7,2,5,6,7,1,7,4,4,7,1,1,7,2,4,1,1,1,1,1,1,1
381,1/1/1980 0:00:00,24.127.107.82,20,3,1,6,6,2,6,2,3,5,7,2,7,5,5,7,1,4,4,3,1,2,6,1,6,1,1,5
382,1/1/1980 0:00:00,98.114.52.224,20,5,1,7,7,2,7,2,6,7,7,3,7,4,3,7,1,6,6,4,3,1,2,1,3,1,1,1
383,1/1/1980 0:00:00,71.31.118.205,28,8,1,7,7,1,6,2,6,7,7,1,7,4,7,7,1,6,6,7,7,1,1,1,1,1,1,1
384,1/1/1980 0:00:00,173.185.119.140,56,8,2,6,6,2,6,2,5,6,7,2,7,6,6,7,6,7,1,7,1,6,1,1,1,1,1,1
385,1/1/1980 0:00:00,67.187.54.22,22,2,1,7,7,1,6,2,5,5,7,2,6,5,6,7,5,7,7,7,3,6,4,3,6,6,1,3
386,1/1/1980 0:00:00,99.69.28.115,28,4,1,6,6,4,5,2,6,6,1,1,7,4,5,7,1,7,2,7,2,1,1,1,1,1,1,1
387,1/1/1980 0:00:00,207.160.232.251,56,4,2,7,7,1,6,2,6,6,7,3,7,5,5,7,1,7,1,7,1,1,1,1,1,1,1,1
388,1/1/1980 0:00:00,173.25.180.59,32,8,2,6,6,4,6,2,5,5,2,4,2,4,5,1,6,6,6,6,6,6,3,2,3,2,1,3
389,1/1/1980 0:00:00,70.210.73.120,21,7,2,7,7,5,7,2,5,5,7,5,7,6,3,7,2,7,2,7,6,4,1,1,1,2,1,1
390,1/1/1980 0:00:00,72.216.5.44,30,9,1,7,7,4,7,2,4,4,7,1,7,4,7,7,5,7,5,5,5,2,1,1,1,1,1,1
391,1/1/1980 0:00:00,199.148.183.67,39,7,2,6,6,2,5,2,5,5,6,4,6,4,5,6,1,6,1,4,1,1,1,1,1,1,1,1
392,1/1/1980 0:00:00,98.89.82.159,21,5,1,7,7,5,5,2,6,5,7,2,7,4,5,7,1,2,1,4,3,2,1,1,1,1,1,1
393,1/1/1980 0:00:00,133.9.75.172,19,5,2,5,5,3,5,2,6,6,6,6,5,5,5,6,1,7,1,4,1,4,5,1,2,1,1,2
394,1/1/1980 0:00:00,73.45.231.173,30,6,1,6,6,1,6,2,7,7,7,1,7,4,7,7,1,1,1,1,1,1,1,1,1,1,1,1
395,1/1/1980 0:00:00,75.86.177.246,49,5,1,6,6,3,6,2,3,4,6,2,7,4,3,7,1,5,1,2,1,1,1,1,1,1,1,1
396,1/1/1980 0:00:00,108.230.214.89,46,5,2,6,6,3,5,2,5,5,1,2,7,5,6,7,1,7,7,3,7,1,1,1,1,1,1,1
397,1/1/1980 0:00:00,68.5.130.128,54,3,2,7,7,2,7,2,6,6,1,2,7,4,2,7,7,4,1,4,1,6,1,1,1,1,1,1
398,1/1/1980 0:00:00,173.49.119.209,22,9,1,6,6,2,6,2,3,5,7,3,6,4,5,7,1,5,7,2,6,1,1,1,1,1,1,1
399,1/1/1980 0:00:00,12.206.138.74,32,9,1,7,7,2,7,2,7,6,7,2,7,4,4,7,4,6,4,5,2,2,1,1,1,1,1,1
400,1/1/1980 0:00:00,209.147.144.42,19,5,2,7,7,2,6,2,3,4,7,3,7,5,4,7,1,1,5,1,3,1,1,1,1,1,1,1
401,1/1/1980 0:00:00,24.101.58.19,32,8,1,7,7,1,7,2,7,7,7,3,7,4,5,7,1,6,1,3,1,1,1,1,1,1,1,1
402,1/1/1980 0:00:00,50.124.53.215,23,5,2,7,6,1,7,2,4,5,7,2,5,5,4,7,1,6,6,6,6,1,7,2,6,2,1,6
403,1/1/1980 0:00:00,97.80.143.95,32,9,1,6,6,4,6,2,3,5,6,2,6,4,5,6,1,7,2,6,2,1,7,7,7,1,1,7
404,1/1/1980 0:00:00,69.136.135.37,23,4,1,4,5,5,4,2,4,5,4,3,4,4,3,3,5,4,5,5,4,4,3,4,4,3,3,4
405,1/1/1980 0:00:00,108.199.249.206,46,9,1,7,7,2,7,2,5,4,7,2,7,5,4,7,1,3,1,3,1,1,1,1,1,1,1,1
406,1/1/1980 0:00:00,137.110.68.191,33,9,2,6,6,2,6,2,4,6,7,3,7,5,5,7,1,4,6,2,3,1,1,1,1,1,1,1
407,1/1/1980 0:00:00,76.6.231.159,47,5,1,6,6,4,6,2,6,6,7,2,7,4,4,7,7,6,1,6,1,6,1,1,1,1,1,1
408,1/1/1980 0:00:00,75.118.113.249,28,5,1,6,6,2,7,2,5,5,5,2,7,4,3,7,1,7,2,6,6,3,1,1,1,1,1,1
409,1/1/1980 0:00:00,130.65.164.196,29,8,1,7,7,1,7,2,5,5,7,2,7,5,7,7,1,6,1,6,2,1,1,1,1,1,1,1
410,1/1/1980 0:00:00,108.199.126.183,32,5,1,6,7,5,6,2,6,6,7,1,7,4,3,7,1,6,1,5,6,1,1,1,1,1,1,1
411,1/1/1980 0:00:00,173.174.49.36,57,8,1,6,6,2,6,2,5,6,7,2,7,5,4,6,1,7,1,3,1,1,1,1,1,1,1,1
412,1/1/1980 0:00:00,73.128.86.6,28,7,1,7,7,3,6,2,6,6,5,6,7,3,4,7,1,4,1,2,1,1,1,1,1,1,1,1
413,1/1/1980 0:00:00,162.254.45.48,22,8,1,7,7,1,7,2,7,7,7,1,7,5,5,7,1,3,2,1,1,1,1,1,1,1,1,1
414,1/1/1980 0:00:00,108.55.30.45,31,6,2,7,7,1,7,2,7,7,7,1,7,4,7,7,6,7,6,6,6,4,1,1,1,1,1,1
415,1/1/1980 0:00:00,24.12.71.79,55,7,1,6,6,3,6,2,5,5,6,4,2,2,4,2,1,1,1,1,1,1,1,1,1,1,1,1
416,1/1/1980 0:00:00,69.120.156.77,20,5,2,5,6,4,7,2,6,5,7,2,6,4,6,7,6,7,7,6,5,4,4,2,4,2,1,3
417,1/1/1980 0:00:00,216.81.81.82,33,9,2,7,7,3,7,2,6,6,6,3,6,4,6,7,1,6,1,6,1,1,1,1,1,1,1,1
418,1/1/1980 0:00:00,204.235.114.160,26,8,1,7,6,1,7,2,6,6,6,4,7,4,5,7,1,5,1,4,1,1,7,7,6,1,1,7
419,1/1/1980 0:00:00,216.138.26.7,23,8,2,5,6,2,6,2,6,6,6,3,5,5,6,7,1,7,5,6,4,1,7,6,5,6,1,6
421,1/1/1980 0:00:00,50.27.30.100,37,5,1,7,7,2,7,2,5,6,7,1,7,5,5,7,1,6,6,3,2,1,1,1,1,1,1,1
422,1/1/1980 0:00:00,96.238.94.58,47,9,1,6,6,6,7,2,4,5,7,2,7,5,3,7,1,1,1,1,1,1,1,1,1,1,1,1
423,1/1/1980 0:00:00,67.17.195.174,47,8,2,7,7,2,6,2,6,6,7,2,7,5,5,7,6,6,4,5,3,3,1,1,1,1,1,1
424,1/1/1980 0:00:00,68.184.80.53,35,5,1,7,6,1,7,2,5,6,7,6,7,1,1,7,6,7,3,6,4,3,1,1,1,1,1,1
425,1/1/1980 0:00:00,24.25.255.235,37,8,2,6,6,3,5,2,4,5,7,2,7,4,3,6,1,7,6,7,4,1,2,1,2,1,1,2
426,1/1/1980 0:00:00,206.212.20.42,23,9,1,6,6,2,6,2,6,6,7,1,7,4,6,7,3,7,7,7,7,5,1,1,1,1,1,1
427,1/1/1980 0:00:00,97.118.55.143,29,5,2,3,2,3,4,2,1,4,1,4,4,5,3,4,1,7,7,7,4,1,1,1,1,1,1,1
428,1/1/1980 0:00:00,98.248.54.195,18,4,2,7,7,2,6,2,5,6,7,3,7,5,6,7,4,5,6,5,4,2,5,4,6,4,1,5
429,1/1/1980 0:00:00,73.242.224.84,30,7,1,6,7,7,7,2,4,4,6,3,7,4,4,7,1,6,1,3,2,2,1,1,1,1,1,1
430,1/1/1980 0:00:00,24.21.14.108,20,5,1,7,7,4,7,2,6,4,7,2,7,5,6,7,1,1,1,1,1,1,1,1,1,1,1,1
431,1/1/1980 0:00:00,74.110.112.216,63,5,1,7,7,2,7,2,7,7,7,2,7,4,5,7,4,7,3,7,2,2,1,1,1,1,1,1
432,1/1/1980 0:00:00,10.9.2.50,30,9,1,7,6,2,6,2,3,4,7,5,6,4,3,7,1,1,1,1,1,1,5,6,3,1,1,4
433,1/1/1980 0:00:00,73.132.146.163,22,5,2,6,3,4,2,2,4,7,5,3,7,6,5,7,4,6,5,7,6,3,6,6,4,6,5,5
434,1/1/1980 0:00:00,199.244.50.135,26,10,2,6,6,4,5,2,4,4,6,6,1,1,1,1,6,7,7,7,6,7,4,1,7,6,7,4
435,1/1/1980 0:00:00,73.253.76.68,34,8,2,7,7,1,7,2,6,7,7,2,7,4,5,7,1,6,1,7,6,6,3,4,4,1,1,4
436,1/1/1980 0:00:00,47.32.239.207,34,7,2,7,6,5,6,2,5,6,7,4,7,4,3,7,1,1,1,1,1,1,1,1,1,1,1,1
437,1/1/1980 0:00:00,173.174.53.197,54,8,1,6,6,1,7,2,4,5,7,1,7,4,4,7,1,6,1,6,1,7,1,1,1,1,1,1
438,1/1/1980 0:00:00,24.178.197.210,33,5,1,7,7,4,6,2,7,6,7,1,7,4,7,7,1,7,7,7,4,1,1,1,1,1,1,1
439,1/1/1980 0:00:00,73.190.210.46,36,9,2,7,7,1,7,2,6,5,7,1,7,5,7,7,1,5,6,4,6,2,5,2,4,3,2,5
440,1/1/1980 0:00:00,70.94.105.187,34,7,1,6,6,2,6,2,4,6,7,1,6,2,4,1,4,7,2,6,1,2,1,1,1,1,1,1
441,1/1/1980 0:00:00,50.246.67.125,27,8,1,7,7,2,7,2,7,7,7,1,7,4,6,7,1,1,1,1,1,5,1,1,1,1,1,1
442,1/1/1980 0:00:00,73.97.75.25,28,7,1,7,7,4,7,2,5,5,7,2,7,4,5,7,1,5,1,6,2,4,5,1,2,1,1,5
443,1/1/1980 0:00:00,98.213.44.209,30,8,1,5,5,4,6,2,3,3,6,2,6,4,3,6,1,7,1,6,1,3,1,1,1,1,1,1
444,1/1/1980 0:00:00,76.31.162.154,21,7,1,6,5,2,7,2,6,6,6,2,5,4,5,6,5,7,6,5,2,2,5,6,3,2,2,4
445,1/1/1980 0:00:00,73.188.170.190,25,8,1,7,7,2,7,2,2,6,7,6,7,6,5,7,7,7,4,7,2,7,1,1,1,1,1,1
446,1/1/1980 0:00:00,98.232.127.1,40,6,1,7,7,2,7,2,5,6,7,2,7,4,6,7,4,7,1,7,1,4,1,1,1,1,1,1
447,1/1/1980 0:00:00,108.212.177.49,42,5,2,6,6,2,6,2,6,6,7,1,7,6,5,7,1,6,4,3,2,1,1,1,1,1,1,1
448,1/1/1980 0:00:00,192.168.0.115,36,5,1,6,6,2,6,2,5,6,7,1,7,4,6,7,1,6,1,6,1,1,6,4,6,1,1,6
450,1/1/1980 0:00:00,96.231.234.102,34,5,2,7,6,1,7,2,7,6,7,1,7,7,6,7,6,5,6,3,5,3,2,2,2,2,1,2
451,1/1/1980 0:00:00,24.255.102.198,37,5,2,6,6,3,7,2,4,4,6,5,7,5,5,7,1,6,5,4,3,1,7,1,2,1,1,6
452,1/1/1980 0:00:00,97.95.234.11,27,8,2,7,7,1,7,2,7,7,7,1,7,6,7,7,1,6,7,2,6,1,1,1,1,1,1,1
453,1/1/1980 0:00:00,108.5.120.171,22,8,1,6,6,4,6,2,5,6,7,2,7,5,3,7,5,7,1,5,1,4,6,5,5,1,3,6
454,1/1/1980 0:00:00,104.136.211.74,42,6,1,7,7,1,7,2,6,7,7,1,7,7,7,7,1,6,1,3,1,1,1,1,1,1,1,1
455,1/1/1980 0:00:00,70.198.0.249,28,8,1,6,6,2,7,2,7,7,7,1,7,5,7,7,7,7,1,7,4,1,1,1,1,1,1,1
456,1/1/1980 0:00:00,24.153.48.14,32,4,1,7,7,6,7,2,4,6,7,4,7,4,4,7,1,7,1,6,1,1,7,1,6,1,1,7
457,1/1/1980 0:00:00,24.193.168.50,36,5,1,7,7,1,7,2,7,7,7,1,7,4,4,7,1,6,2,6,1,1,1,1,1,1,1,1
458,1/1/1980 0:00:00,71.169.175.164,33,5,1,7,6,6,7,2,7,6,7,1,7,7,7,7,2,7,1,7,1,2,2,1,1,1,1,1
459,1/1/1980 0:00:00,99.182.20.36,24,8,2,5,6,5,6,2,5,5,6,5,6,5,6,7,1,2,2,3,2,1,5,4,4,3,4,4
460,1/1/1980 0:00:00,208.185.38.15,24,8,1,7,7,2,6,2,4,4,7,1,7,4,7,7,1,6,6,6,6,1,1,1,1,1,1,1
461,1/1/1980 0:00:00,72.92.92.60,21,5,2,3,4,1,5,4,5,4,6,2,7,4,6,7,7,6,6,6,5,3,5,2,5,2,1,4
462,1/1/1980 0:00:00,153.53.4.253,41,8,2,7,7,1,7,2,7,7,7,1,7,5,6,7,1,6,6,6,5,1,1,1,1,1,1,1
463,1/1/1980 0:00:00,72.162.48.3,28,5,1,7,7,4,7,2,4,5,7,5,7,4,3,7,1,6,1,2,1,1,1,1,1,1,1,1
464,1/1/1980 0:00:00,174.19.102.47,29,5,2,7,7,2,7,2,7,7,7,1,7,4,6,7,2,7,1,6,1,1,1,1,1,1,1,1
465,1/1/1980 0:00:00,69.170.189.90,37,8,1,7,7,2,6,2,4,6,7,1,7,4,6,7,2,5,4,3,1,2,4,1,2,1,1,4
466,1/1/1980 0:00:00,74.215.81.229,23,8,1,7,7,6,7,2,6,6,7,3,7,4,1,7,7,1,1,1,1,7,1,1,1,1,1,1
467,1/1/1980 0:00:00,198.72.213.115,24,9,2,7,6,2,7,2,6,6,7,1,7,4,6,7,7,7,6,7,6,7,1,1,1,1,1,1
468,1/1/1980 0:00:00,174.126.116.47,27,8,1,6,6,2,7,2,7,6,7,1,7,5,6,7,1,6,1,3,1,1,1,1,3,1,1,1
469,1/1/1980 0:00:00,71.231.205.245,31,8,2,6,6,3,6,3,7,6,4,3,5,5,7,7,4,7,6,7,2,3,1,1,1,1,1,1
470,1/1/1980 0:00:00,204.111.162.235,28,7,2,6,6,5,5,2,4,6,5,4,6,4,3,6,1,7,1,3,1,1,1,1,1,1,1,1
471,1/1/1980 0:00:00,71.82.48.117,37,5,1,7,7,3,7,2,6,6,7,3,7,4,5,7,1,1,1,1,1,1,1,1,1,1,1,1
472,1/1/1980 0:00:00,108.203.148.227,31,7,1,7,7,2,6,2,5,6,7,1,7,6,6,7,1,5,1,3,1,2,1,1,1,1,1,1
473,1/1/1980 0:00:00,65.31.39.98,34,6,2,5,5,3,5,2,5,4,7,1,7,4,6,7,5,7,6,7,5,6,1,1,1,1,1,1
474,1/1/1980 0:00:00,204.65.67.15,42,5,1,7,7,2,7,2,5,5,7,1,7,4,4,7,5,6,7,3,6,3,7,3,3,1,1,5
475,1/1/1980 0:00:00,50.134.18.49,37,5,1,1,5,2,5,2,5,5,6,6,6,3,1,7,1,1,1,1,1,1,3,1,1,1,1,3
476,1/1/1980 0:00:00,68.110.94.37,55,7,1,7,6,1,5,2,1,5,7,2,7,4,5,6,1,7,6,3,2,1,1,1,1,1,1,1
477,1/1/1980 0:00:00,65.25.214.116,20,5,1,6,6,2,6,2,6,6,7,2,7,4,5,6,1,6,1,4,1,1,3,2,4,1,1,3
478,1/1/1980 0:00:00,71.205.39.174,34,9,1,7,7,5,7,2,5,7,7,5,7,4,4,7,1,6,1,4,1,1,1,1,1,1,1,1
479,1/1/1980 0:00:00,76.224.225.196,42,7,2,6,6,6,6,2,6,6,6,2,6,4,5,6,1,6,6,6,2,1,1,1,1,1,1,1
480,1/1/1980 0:00:00,184.99.255.191,33,9,1,6,6,2,6,2,6,6,7,1,7,4,4,7,1,6,6,7,5,6,2,2,2,1,1,2
481,1/1/1980 0:00:00,76.112.173.151,49,9,1,6,7,2,6,2,6,6,7,2,6,5,5,7,1,7,1,7,1,1,1,1,1,1,1,1
482,1/1/1980 0:00:00,24.127.71.134,45,5,1,6,6,1,6,2,6,6,7,1,7,4,7,7,1,1,1,1,1,1,1,1,1,1,1,1
483,1/1/1980 0:00:00,73.246.0.208,23,8,1,7,7,1,6,2,6,5,7,1,7,5,1,1,1,6,1,6,5,3,1,1,1,1,1,1
484,1/1/1980 0:00:00,71.170.57.137,29,8,1,6,6,2,5,2,4,3,1,4,1,1,2,1,5,5,2,2,1,2,2,1,2,1,1,2
485,1/1/1980 0:00:00,72.253.197.53,19,5,2,6,6,3,7,2,5,6,7,3,6,5,5,7,1,4,1,6,1,1,2,1,1,1,1,1
486,1/1/1980 0:00:00,74.196.204.150,25,8,1,7,7,1,7,2,7,7,7,1,7,7,7,7,6,7,6,7,5,6,7,5,7,5,6,7
487,1/1/1980 0:00:00,10.68.132.215,29,8,2,5,7,5,5,2,5,6,7,3,5,4,4,7,7,6,2,4,2,2,1,1,1,1,1,1
488,1/1/1980 0:00:00,67.43.241.143,21,5,2,6,7,7,7,2,6,7,5,3,6,4,5,7,1,5,1,5,1,1,6,6,7,1,1,6
489,1/1/1980 0:00:00,74.78.197.136,18,5,2,7,7,2,6,2,5,6,6,2,6,5,5,7,2,7,3,7,3,2,1,1,1,1,1,1
490,1/1/1980 0:00:00,141.239.216.25,30,4,2,6,6,4,6,2,5,4,6,3,5,4,4,7,1,1,1,1,1,1,1,1,1,1,1,1
491,1/1/1980 0:00:00,162.192.254.54,29,9,1,7,7,1,7,2,6,6,7,2,7,6,6,7,1,7,6,6,6,1,5,1,4,3,1,4
492,1/1/1980 0:00:00,24.243.248.81,28,5,1,6,7,2,7,2,6,7,7,1,6,4,4,7,1,7,6,5,3,4,1,1,1,1,1,1
493,1/1/1980 0:00:00,192.225.57.5,25,6,1,7,7,7,7,2,6,7,7,1,7,4,7,7,1,3,3,3,4,1,7,7,5,3,2,7
494,1/1/1980 0:00:00,24.165.135.178,21,7,1,4,5,4,3,2,3,3,6,3,6,4,4,7,7,7,6,6,5,6,7,5,7,7,7,7
495,1/1/1980 0:00:00,172.100.197.2,34,4,1,6,6,2,6,2,6,6,7,5,7,4,2,7,1,6,1,2,1,1,2,2,1,1,1,2
496,1/1/1980 0:00:00,66.172.195.169,39,9,1,5,6,2,5,2,6,5,7,4,6,4,5,7,1,7,7,7,4,5,1,1,1,1,1,1
497,1/1/1980 0:00:00,24.23.32.189,21,5,1,5,6,3,6,2,2,6,6,2,5,4,3,5,1,6,3,5,2,1,1,1,1,1,1,1
498,1/1/1980 0:00:00,76.201.100.209,28,9,1,7,6,2,7,2,5,5,7,3,7,4,5,7,4,2,1,2,1,3,1,1,1,1,1,1
499,1/1/1980 0:00:00,73.114.23.97,33,8,1,6,6,6,6,2,2,6,6,1,6,4,3,6,1,7,1,6,1,1,7,1,6,1,1,7
500,1/1/1980 0:00:00,71.236.126.170,31,6,1,7,7,2,6,2,3,5,7,2,7,5,6,7,1,6,6,6,4,1,1,1,1,1,1,1
501,1/1/1980 0:00:00,71.170.131.51,46,9,2,6,6,2,6,2,7,5,7,2,5,4,6,7,3,6,6,6,4,2,7,4,6,6,2,7
502,1/1/1980 0:00:00,24.16.36.170,19,5,1,6,4,6,7,2,4,5,5,4,5,4,6,6,3,4,5,5,4,5,5,5,4,4,5,4
503,1/1/1980 0:00:00,184.58.131.254,33,5,2,6,5,2,5,2,5,5,6,3,6,6,6,7,2,2,2,3,3,2,6,4,5,4,3,6
504,1/1/1980 0:00:00,174.84.198.131,31,5,2,6,6,5,6,2,5,4,7,4,7,4,5,7,6,6,1,4,1,3,4,1,4,1,3,3
505,1/1/1980 0:00:00,131.96.192.157,28,9,1,6,6,2,6,2,7,4,6,7,7,4,6,7,1,3,7,3,3,1,1,1,1,1,1,1
506,1/1/1980 0:00:00,67.54.138.54,59,5,1,6,6,3,6,2,6,6,7,2,7,4,6,7,1,6,1,6,1,1,1,1,1,1,1,1
507,1/1/1980 0:00:00,198.176.80.33,28,8,1,7,7,3,6,2,4,5,6,2,6,6,6,6,1,6,7,3,3,1,4,1,4,2,1,3
508,1/1/1980 0:00:00,71.202.81.154,30,8,1,7,7,1,7,2,6,1,7,1,7,4,5,7,1,1,1,1,1,1,1,1,1,1,1,1
509,1/1/1980 0:00:00,72.174.138.44,22,8,1,7,7,2,7,2,6,6,1,1,6,5,6,7,1,7,5,6,2,1,7,5,6,1,1,7
510,1/1/1980 0:00:00,108.77.163.67,30,8,1,5,6,3,6,2,6,6,6,2,6,5,6,7,1,4,3,2,2,2,2,1,2,1,1,2
511,1/1/1980 0:00:00,76.26.7.118,34,5,1,6,6,6,6,2,5,6,7,4,7,4,5,7,1,7,1,4,1,1,1,1,1,1,1,1
512,1/1/1980 0:00:00,98.15.161.31,27,9,1,7,7,1,6,2,5,6,7,2,7,6,6,7,1,7,7,4,4,1,4,1,2,1,1,3
513,1/1/1980 0:00:00,75.163.130.196,33,8,1,7,6,1,7,2,7,6,7,2,7,4,5,7,1,3,1,6,6,1,1,1,1,1,1,1
514,1/1/1980 0:00:00,74.83.105.153,45,7,2,7,7,2,5,2,4,6,7,4,7,4,2,7,1,1,1,1,1,1,1,1,1,1,1,1
515,1/1/1980 0:00:00,73.1.87.117,39,5,1,7,7,3,7,2,4,6,1,2,7,4,4,7,1,6,1,4,1,1,1,1,1,1,1,1
516,1/1/1980 0:00:00,68.187.99.168,26,8,2,7,7,3,7,2,4,5,7,4,7,3,3,7,1,6,7,3,6,1,2,2,1,1,1,2
517,1/1/1980 0:00:00,209.169.77.122,19,5,1,7,7,1,7,2,7,7,7,1,7,4,4,7,1,6,3,5,2,1,5,2,4,3,1,5
518,1/1/1980 0:00:00,64.28.62.71,30,8,1,6,6,4,6,2,6,5,7,2,7,5,6,7,1,6,6,6,6,4,1,1,1,1,1,1
519,1/1/1980 0:00:00,70.190.104.2,29,7,2,7,7,3,6,2,7,7,7,1,7,6,6,7,1,5,1,3,1,1,1,1,1,1,1,1
520,1/1/1980 0:00:00,75.35.171.12,23,8,2,6,6,7,6,2,3,4,7,7,7,4,1,7,1,6,6,4,3,1,4,1,1,1,1,1
521,1/1/1980 0:00:00,47.32.86.58,40,8,2,6,6,5,6,2,2,6,6,5,6,5,2,6,1,1,1,1,1,1,1,1,1,1,1,1
523,1/1/1980 0:00:00,50.182.254.245,20,5,2,6,6,2,7,2,5,6,6,3,7,7,4,7,1,7,6,5,5,1,4,1,3,1,1,4
524,1/1/1980 0:00:00,184.4.214.79,50,5,2,6,6,4,5,2,5,4,6,3,6,6,5,5,1,1,1,1,1,1,1,1,1,1,1,1
525,1/1/1980 0:00:00,174.97.18.110,32,8,1,7,5,5,6,2,4,5,7,2,7,4,5,7,1,5,7,4,7,2,1,1,1,1,1,1
526,1/1/1980 0:00:00,68.37.219.181,23,8,1,7,7,3,7,2,7,7,7,1,7,7,7,7,1,7,3,5,2,1,1,1,1,1,1,1
527,1/1/1980 0:00:00,45.20.79.148,30,10,2,7,7,2,7,2,6,5,7,1,7,4,5,7,2,6,6,5,5,2,1,1,1,1,1,1
528,1/1/1980 0:00:00,192.104.231.226,31,5,1,7,6,2,6,2,3,6,7,1,7,4,7,7,1,7,7,7,6,5,2,2,1,1,1,2
529,1/1/1980 0:00:00,50.249.78.91,35,8,2,7,7,2,6,2,5,6,7,1,7,5,6,7,1,4,1,6,1,1,1,1,1,1,1,1
530,1/1/1980 0:00:00,174.59.220.88,25,8,2,6,6,1,7,2,6,5,7,2,7,4,5,7,6,6,7,6,5,4,1,1,1,1,1,1
531,1/1/1980 0:00:00,71.206.138.223,36,6,2,6,6,4,6,2,6,5,6,3,5,4,5,7,1,4,1,2,1,2,1,1,1,1,1,1
532,1/1/1980 0:00:00,108.23.129.98,27,5,1,6,7,1,7,2,7,7,7,7,7,3,4,7,1,5,1,3,1,1,1,1,1,1,1,1
533,1/1/1980 0:00:00,70.138.117.23,49,9,1,6,7,2,7,2,4,5,6,6,2,2,2,7,1,6,1,4,1,1,1,1,1,1,1,1
534,1/1/1980 0:00:00,162.254.45.87,33,4,2,6,7,4,5,2,4,4,7,3,7,6,5,7,3,7,6,6,4,3,1,1,1,1,1,1
535,1/1/1980 0:00:00,99.130.81.146,28,9,2,7,7,3,7,2,4,7,7,5,7,4,4,7,2,3,7,2,4,1,1,1,1,1,1,1
536,1/1/1980 0:00:00,50.244.202.241,44,5,2,7,7,4,7,2,7,4,7,1,7,6,6,7,6,6,1,6,1,2,1,1,1,1,1,1
537,1/1/1980 0:00:00,24.21.226.239,36,4,2,7,6,3,7,2,5,6,7,1,7,4,4,7,1,6,2,4,2,1,1,1,1,1,1,1
538,1/1/1980 0:00:00,24.185.217.235,22,5,1,7,7,3,5,2,5,5,7,2,6,4,5,7,3,4,1,3,1,2,6,7,5,1,4,5
539,1/1/1980 0:00:00,76.112.110.63,24,4,1,5,5,4,5,2,4,5,5,5,5,4,4,5,1,1,1,6,3,6,7,6,6,1,1,7
540,1/1/1980 0:00:00,58.68.72.58,24,8,2,6,5,3,6,2,5,4,5,2,7,5,7,7,5,4,4,5,7,6,1,1,6,1,1,2
541,1/1/1980 0:00:00,76.8.101.155,55,8,1,7,7,4,5,2,6,5,7,1,7,7,7,7,1,4,2,5,1,1,1,1,1,1,1,1
542,1/1/1980 0:00:00,50.33.164.190,42,9,2,6,6,5,6,2,5,5,6,5,6,4,5,7,7,7,6,6,5,2,1,1,1,1,1,1
543,1/1/1980 0:00:00,68.98.44.39,22,5,1,7,7,7,7,2,7,7,7,1,7,4,7,7,1,6,1,7,3,5,4,1,2,1,1,2
544,1/1/1980 0:00:00,70.184.105.237,31,8,1,7,7,2,7,2,5,6,7,4,7,4,5,7,2,5,1,2,1,2,1,1,1,1,1,1
545,1/1/1980 0:00:00,72.35.99.135,37,9,1,6,6,2,6,2,6,6,7,1,7,4,4,7,1,7,1,7,1,1,1,1,1,1,1,1
546,1/1/1980 0:00:00,64.139.110.43,33,5,1,7,7,1,7,2,6,7,7,1,7,4,6,7,1,7,7,7,6,1,1,1,1,1,1,1
547,1/1/1980 0:00:00,108.18.238.167,32,8,1,7,7,1,7,2,7,7,7,2,7,1,2,7,1,1,1,1,1,1,1,1,1,1,1,1
548,1/1/1980 0:00:00,99.113.238.63,35,8,2,6,6,4,6,2,5,5,6,2,5,3,3,7,1,1,1,1,1,1,1,1,1,1,1,1
549,1/1/1980 0:00:00,162.216.238.4,24,5,2,6,6,3,6,2,5,6,7,4,7,4,2,7,1,2,1,2,1,1,3,2,4,1,1,2
550,1/1/1980 0:00:00,206.16.98.32,27,5,1,7,7,1,7,2,6,7,7,2,7,4,4,7,1,5,2,3,2,1,5,1,5,1,1,5
551,1/1/1980 0:00:00,205.174.22.20,35,8,2,6,6,2,6,2,6,6,6,2,7,4,6,7,1,6,1,3,1,1,2,1,2,1,1,2
552,1/1/1980 0:00:00,96.42.149.57,36,7,1,7,6,2,7,2,6,6,7,1,7,4,6,7,4,7,6,7,6,4,1,1,1,1,1,1
553,1/1/1980 0:00:00,72.207.24.33,19,5,1,7,6,3,6,2,6,6,7,6,6,4,2,7,1,1,1,1,1,1,2,3,2,1,1,2
554,1/1/1980 0:00:00,134.228.154.44,24,7,1,7,7,3,7,2,5,6,7,1,7,4,6,7,1,7,1,6,1,1,1,1,1,1,1,1
555,1/1/1980 0:00:00,70.193.49.80,33,8,2,7,7,1,7,2,7,7,7,1,7,7,7,7,6,6,7,3,6,4,1,1,1,1,1,1
556,1/1/1980 0:00:00,142.129.43.23,41,8,1,7,7,1,7,2,5,6,7,4,7,4,4,7,1,2,1,6,6,4,1,1,1,1,1,1
557,1/1/1980 0:00:00,69.26.193.4,41,8,2,7,7,1,7,2,7,7,7,2,7,5,6,7,1,1,1,6,6,6,1,1,1,1,1,1
558,1/1/1980 0:00:00,74.199.21.131,20,5,2,1,7,1,7,2,7,7,7,5,7,7,2,7,1,1,1,1,1,1,1,1,1,1,1,1
559,1/1/1980 0:00:00,68.118.146.204,52,8,1,7,6,4,6,2,5,5,6,1,7,5,5,7,1,6,1,5,1,1,1,1,1,1,1,1
560,1/1/1980 0:00:00,131.96.173.90,21,8,2,7,7,7,7,7,4,7,2,7,1,1,2,7,7,1,1,1,1,2,4,7,5,4,5,1
561,1/1/1980 0:00:00,24.229.141.240,29,7,1,7,7,2,7,2,7,6,7,1,7,4,6,7,1,7,5,7,2,1,7,2,2,1,1,5
562,1/1/1980 0:00:00,108.225.239.142,43,9,2,7,7,2,7,2,5,6,7,2,7,5,6,7,1,7,1,7,1,1,1,1,1,1,1,1
563,1/1/1980 0:00:00,75.114.7.83,41,8,1,7,7,2,7,2,7,7,7,2,7,6,7,7,7,6,6,7,4,7,1,1,1,1,1,1
564,1/1/1980 0:00:00,73.86.8.9,35,9,1,7,7,4,7,2,7,5,7,3,5,5,5,7,1,4,1,2,1,1,1,1,1,1,1,1
565,1/1/1980 0:00:00,66.189.136.81,35,7,2,7,7,2,7,2,2,6,1,5,1,1,1,1,1,7,7,7,7,5,5,3,6,4,1,5
566,1/1/1980 0:00:00,72.223.25.165,21,5,1,6,6,4,5,2,6,6,6,2,6,4,5,7,1,3,3,1,1,1,5,3,1,1,1,5
567,1/1/1980 0:00:00,74.139.125.253,42,9,2,7,7,7,7,2,7,7,7,6,7,4,5,7,1,7,1,6,1,1,1,1,1,1,1,1
568,1/1/1980 0:00:00,172.72.97.253,37,8,2,7,7,2,7,2,3,7,7,1,7,4,7,7,6,7,6,6,6,3,1,1,1,1,1,1
569,1/1/1980 0:00:00,96.254.165.34,56,7,1,7,7,4,7,2,7,7,7,1,7,4,5,7,1,6,1,6,1,1,1,1,1,1,1,1
570,1/1/1980 0:00:00,75.88.14.241,32,10,1,6,6,2,6,2,4,6,7,2,7,4,4,7,1,6,1,2,1,1,1,1,1,1,1,1
571,1/1/1980 0:00:00,99.28.149.4,19,4,2,6,4,5,6,2,2,1,5,4,6,4,4,7,7,7,6,4,4,4,6,1,6,3,4,5
572,1/1/1980 0:00:00,108.9.156.21,32,9,1,7,7,4,5,2,6,4,7,1,7,4,5,5,1,7,7,7,6,1,1,1,1,1,1,1
573,1/1/1980 0:00:00,24.236.232.29,32,8,1,6,6,3,6,2,3,5,7,5,1,1,5,1,1,3,1,6,1,2,1,1,1,1,1,1
574,1/1/1980 0:00:00,50.148.223.207,22,8,2,6,6,2,4,2,4,5,6,2,6,4,5,7,2,7,6,5,3,2,4,2,4,3,1,4
575,1/1/1980 0:00:00,24.155.131.37,21,8,1,6,6,2,6,2,5,5,7,5,6,4,4,7,1,5,6,2,3,1,1,1,1,1,1,1
576,1/1/1980 0:00:00,184.90.211.247,34,8,1,6,6,2,5,2,3,4,6,2,7,4,4,7,2,7,1,4,1,2,4,1,4,1,1,4
577,1/1/1980 0:00:00,97.81.187.130,26,8,1,7,6,2,6,2,5,7,6,2,6,5,2,6,1,7,1,3,1,1,1,1,1,1,1,1
578,1/1/1980 0:00:00,68.33.90.136,27,8,2,7,7,3,6,1,5,6,7,2,7,4,5,7,1,7,1,7,2,2,1,1,1,1,1,1
579,1/1/1980 0:00:00,137.110.194.217,31,11,2,7,7,4,7,2,7,6,7,1,7,4,6,7,1,6,7,6,6,1,1,1,1,1,1,1
580,1/1/1980 0:00:00,174.19.119.179,28,5,2,6,6,2,7,2,4,5,7,2,7,4,5,7,4,7,6,7,2,2,1,1,1,1,1,1
581,1/1/1980 0:00:00,66.207.29.61,25,9,2,6,5,2,5,2,5,5,6,2,6,4,5,5,1,7,6,6,6,1,1,1,1,1,1,1
582,1/1/1980 0:00:00,98.146.145.50,41,5,1,7,7,6,7,2,7,7,7,1,7,5,7,7,1,6,1,5,1,1,1,1,1,1,1,1
583,1/1/1980 0:00:00,73.172.99.61,24,8,1,7,7,2,5,2,6,5,6,2,6,5,5,7,1,7,1,7,1,1,6,4,6,1,1,4
584,1/1/1980 0:00:00,98.157.15.90,38,4,1,4,4,5,4,2,4,4,6,6,5,6,6,6,4,4,4,2,3,3,1,1,1,1,1,1
585,1/1/1980 0:00:00,209.147.144.42,25,8,2,6,6,3,7,2,6,6,6,3,5,4,5,7,1,6,1,6,1,1,4,1,6,1,1,4
586,1/1/1980 0:00:00,76.236.236.232,60,4,1,7,7,1,7,2,7,7,7,1,7,5,5,7,1,6,1,6,1,1,1,1,1,1,1,1
587,1/1/1980 0:00:00,70.173.241.212,21,5,1,7,7,2,7,2,7,7,7,1,7,4,5,7,1,1,1,1,1,1,4,1,2,1,1,3
588,1/1/1980 0:00:00,24.5.195.251,45,4,2,6,6,4,6,2,5,4,6,5,5,4,5,7,7,7,1,6,1,1,1,1,1,1,1,1
589,1/1/1980 0:00:00,208.38.64.227,21,8,2,5,4,2,6,2,4,5,7,2,7,4,4,7,6,7,6,6,4,3,3,1,3,3,2,4
590,1/1/1980 0:00:00,174.31.72.68,41,7,2,7,7,2,7,2,6,6,7,2,7,5,6,6,7,7,5,7,4,7,7,6,7,5,7,6
591,1/1/1980 0:00:00,174.84.206.74,26,5,1,6,7,7,7,2,5,7,7,4,7,4,5,7,5,6,2,6,2,6,7,7,6,2,6,6
592,1/1/1980 0:00:00,108.176.228.105,27,5,2,6,5,1,6,2,3,6,6,4,6,4,5,7,1,6,1,3,1,1,5,5,3,1,1,5
593,1/1/1980 0:00:00,24.185.114.69,40,5,1,7,7,3,7,2,3,6,7,1,7,5,6,7,1,7,4,5,2,1,1,1,1,1,1,1
594,1/1/1980 0:00:00,162.254.45.87,33,3,1,6,6,2,6,2,6,6,7,1,7,4,7,7,1,7,7,3,3,1,1,1,1,1,1,1
595,1/1/1980 0:00:00,24.14.172.157,24,8,1,7,6,2,7,2,6,6,6,1,7,5,6,7,1,6,1,5,1,1,5,2,2,2,1,4
596,1/1/1980 0:00:00,75.82.8.203,30,4,2,6,5,1,5,2,4,5,6,1,7,4,7,7,1,1,1,1,1,1,1,1,1,1,1,1
597,1/1/1980 0:00:00,159.118.191.9,31,5,1,6,7,1,7,2,6,5,7,7,7,3,4,7,1,5,1,3,1,1,4,1,2,2,1,2
598,1/1/1980 0:00:00,75.130.203.26,29,5,2,6,6,3,6,2,4,6,1,4,1,1,1,1,1,6,6,1,1,1,1,1,1,1,1,1
599,1/1/1980 0:00:00,68.131.49.74,26,8,1,6,5,3,6,2,6,5,7,1,7,4,6,7,1,7,7,4,3,1,2,1,1,1,1,2
600,1/1/1980 0:00:00,70.122.200.119,31,8,1,7,7,1,7,2,6,7,7,4,7,4,4,7,1,6,2,2,1,1,1,1,1,1,1,1
601,1/1/1980 0:00:00,96.242.119.29,18,4,1,7,7,3,7,2,2,5,7,6,7,4,3,7,1,1,1,1,1,1,4,1,3,1,1,1
602,1/1/1980 0:00:00,71.168.84.53,42,9,1,7,7,3,7,2,5,7,7,1,7,4,5,7,5,7,7,2,6,3,1,1,1,1,1,1
603,1/1/1980 0:00:00,98.148.199.18,25,5,1,7,7,7,7,2,7,7,7,2,7,4,5,7,1,5,5,6,6,1,1,1,1,1,1,1
604,1/1/1980 0:00:00,96.58.207.193,24,8,1,7,7,2,7,2,7,7,7,1,7,4,5,7,1,5,1,2,1,1,7,4,4,1,1,5
605,1/1/1980 0:00:00,73.47.115.175,26,8,1,7,6,2,5,2,1,5,7,6,6,5,4,7,1,7,6,6,3,1,7,1,3,1,1,5
606,1/1/1980 0:00:00,73.20.134.247,50,5,1,7,6,2,7,2,7,6,7,3,3,3,2,7,1,7,1,6,1,1,1,1,1,1,1,1
607,1/1/1980 0:00:00,24.113.50.84,23,7,1,6,6,2,6,2,5,6,7,1,7,6,6,7,1,3,1,2,1,1,1,1,1,1,1,1
608,1/1/1980 0:00:00,209.249.208.42,33,10,1,7,7,1,7,2,7,7,7,4,7,4,4,7,1,1,1,2,1,1,2,1,1,1,1,1
609,1/1/1980 0:00:00,112.198.68.35,45,8,2,6,6,5,6,2,6,6,7,2,7,4,6,7,1,6,1,5,1,1,1,1,1,1,1,1
610,1/1/1980 0:00:00,50.53.58.46,34,8,1,7,7,1,7,2,7,6,7,1,7,6,6,7,1,6,7,4,7,1,5,1,3,4,1,5
611,1/1/1980 0:00:00,64.121.222.144,20,5,2,7,7,3,6,2,6,6,7,1,7,5,5,7,7,7,4,2,2,3,1,1,1,1,1,1
612,1/1/1980 0:00:00,99.30.144.89,28,9,1,7,7,2,6,2,4,4,7,2,7,4,4,7,1,7,5,6,2,1,1,1,1,1,1,1
613,1/1/1980 0:00:00,73.174.221.185,35,9,2,6,6,6,6,2,7,5,5,2,5,4,4,6,5,5,4,2,2,1,1,1,1,1,1,1
614,1/1/1980 0:00:00,108.52.160.45,60,11,2,6,5,6,6,2,6,6,6,4,6,4,6,7,1,6,4,5,2,1,3,2,1,1,1,2
615,1/1/1980 0:00:00,98.31.35.166,26,8,2,6,6,6,5,2,6,5,6,4,6,4,5,7,1,3,1,7,1,1,3,1,3,1,1,3
616,1/1/1980 0:00:00,68.12.162.94,39,5,2,6,6,4,6,2,6,6,7,1,7,5,6,7,6,6,1,4,1,3,4,2,5,1,1,4
617,1/1/1980 0:00:00,66.87.65.11,72,5,1,7,7,1,7,2,7,7,7,1,7,7,7,7,1,7,1,7,2,4,1,1,1,1,1,1
618,1/1/1980 0:00:00,50.179.243.124,63,8,2,7,7,2,6,2,2,6,7,4,7,4,4,7,1,1,1,4,1,1,1,1,1,1,1,1
619,1/1/1980 0:00:00,162.255.170.6,20,5,1,7,6,5,7,2,5,5,7,1,7,4,5,7,1,5,3,5,3,1,1,1,1,1,1,1
620,1/1/1980 0:00:00,204.10.131.185,37,8,1,7,7,1,7,2,4,6,7,3,7,4,5,7,1,1,1,6,6,3,1,1,1,1,1,1
621,1/1/1980 0:00:00,73.184.100.233,25,7,1,7,7,4,6,2,5,5,7,2,7,5,7,7,5,7,1,5,1,3,1,1,1,1,1,1
622,1/1/1980 0:00:00,73.200.15.193,31,9,2,5,5,3,5,2,4,4,6,1,6,5,5,6,1,6,7,6,6,2,2,2,2,1,1,2
623,1/1/1980 0:00:00,107.152.98.156,65,7,2,7,7,2,7,2,6,6,7,5,7,4,6,7,5,7,1,7,1,3,1,1,1,1,1,1
624,1/1/1980 0:00:00,74.135.73.140,48,8,2,6,6,2,7,2,5,4,6,2,7,5,5,7,1,7,1,5,1,1,1,1,1,1,1,1
625,1/1/1980 0:00:00,108.209.50.130,38,8,1,7,7,3,6,2,3,7,6,6,7,3,1,7,1,6,1,6,1,1,1,1,1,1,1,1
627,1/1/1980 0:00:00,172.11.80.226,23,4,2,7,6,1,7,2,5,7,7,1,7,4,7,7,7,6,4,7,6,7,1,1,1,1,1,1
628,1/1/1980 0:00:00,99.28.14.61,58,8,2,7,7,2,7,2,3,5,7,1,7,4,5,7,1,7,1,6,1,1,1,1,1,1,1,1
629,1/1/1980 0:00:00,76.107.1.113,25,8,1,6,6,2,7,2,6,6,7,6,7,5,6,7,1,7,6,2,2,1,1,1,1,1,1,1
630,1/1/1980 0:00:00,24.243.229.221,28,5,1,7,5,1,7,2,5,6,7,2,7,5,5,7,1,7,7,6,4,1,1,1,1,1,1,1
631,1/1/1980 0:00:00,65.31.89.186,46,9,1,6,6,4,5,2,2,5,5,4,5,4,4,6,1,2,1,2,1,1,1,1,1,1,1,1
632,1/1/1980 0:00:00,107.192.110.108,36,8,1,6,6,2,7,2,7,6,7,5,6,5,3,7,1,7,1,6,1,1,1,1,1,1,1,1
633,1/1/1980 0:00:00,73.242.74.74,27,8,1,7,7,7,7,2,7,7,7,1,7,4,7,7,1,6,4,6,4,1,5,1,1,1,1,4
634,1/1/1980 0:00:00,68.115.92.37,25,8,2,6,6,2,6,2,5,6,7,2,6,5,4,7,1,7,1,5,1,1,1,1,1,1,1,1
635,1/1/1980 0:00:00,99.33.69.105,29,8,1,6,7,2,7,2,4,7,6,4,5,4,4,7,1,6,1,6,1,1,7,1,6,1,1,7
636,1/1/1980 0:00:00,73.10.237.235,27,8,1,7,7,6,6,2,7,6,7,1,7,4,6,7,1,6,1,6,1,1,7,3,6,1,1,7
637,1/1/1980 0:00:00,174.30.103.142,50,6,2,7,7,2,5,2,6,6,6,5,6,5,4,7,1,4,2,3,1,1,2,1,1,1,1,1
638,1/1/1980 0:00:00,107.216.46.123,25,8,2,7,7,3,7,2,7,7,6,2,7,5,5,7,1,6,4,6,3,1,4,1,2,1,1,4
639,1/1/1980 0:00:00,108.78.243.94,46,4,1,6,6,2,5,2,6,6,7,1,7,4,7,7,1,6,1,2,1,1,1,1,1,1,1,1
640,1/1/1980 0:00:00,184.98.203.2,50,9,1,6,6,2,6,2,4,7,7,2,7,5,4,6,2,7,1,7,1,6,1,1,1,1,1,1
641,1/1/1980 0:00:00,99.188.173.183,59,9,1,6,6,4,6,2,6,6,7,2,7,4,2,7,1,1,1,1,1,1,1,1,1,1,1,1
643,1/1/1980 0:00:00,40.138.17.4,27,5,2,7,7,2,6,2,5,6,7,2,6,5,6,7,1,2,2,2,2,1,7,3,2,1,1,5
644,1/1/1980 0:00:00,73.9.211.49,39,9,1,6,7,3,7,2,6,5,7,1,7,5,6,7,7,6,1,4,1,6,1,1,1,1,1,1
645,1/1/1980 0:00:00,207.238.85.226,31,8,1,7,7,3,7,2,2,7,7,4,7,4,3,7,1,5,6,3,3,1,1,1,1,1,1,1
646,1/1/1980 0:00:00,192.77.237.78,30,9,1,7,7,6,7,2,6,7,6,1,7,6,7,7,3,7,6,7,4,2,1,1,1,1,1,1
647,1/1/1980 0:00:00,108.24.127.219,47,8,1,6,6,1,6,2,6,6,7,2,7,5,5,7,6,6,1,3,1,2,1,1,1,1,1,1
648,1/1/1980 0:00:00,184.176.122.204,24,5,1,7,6,1,7,2,7,7,7,6,7,4,4,7,1,2,1,5,1,5,4,1,4,1,1,5
649,1/1/1980 0:00:00,136.61.31.95,29,9,1,7,7,6,6,2,5,5,6,4,5,4,3,6,1,7,5,6,3,1,7,5,6,1,1,6
650,1/1/1980 0:00:00,68.82.42.134,33,8,1,7,7,2,6,2,5,5,7,1,7,5,5,7,5,7,6,5,4,5,1,1,1,1,1,1
651,1/1/1980 0:00:00,104.162.122.234,24,8,1,5,5,2,6,2,5,6,6,6,6,4,5,6,1,7,4,7,2,1,1,1,1,1,1,1
652,1/1/1980 0:00:00,76.20.124.4,44,8,2,6,6,3,6,2,5,5,6,2,7,4,6,7,1,6,1,2,1,1,1,1,1,1,1,1
653,1/1/1980 0:00:00,108.23.9.27,25,8,2,6,6,4,6,2,4,3,6,3,6,4,6,7,1,5,1,2,1,2,1,1,1,1,1,1
654,1/1/1980 0:00:00,24.229.73.60,26,9,1,6,6,5,3,2,1,5,6,3,5,4,4,6,1,7,1,4,1,1,1,1,1,1,1,1
655,1/1/1980 0:00:00,173.18.216.83,35,7,1,7,7,1,7,2,7,1,7,1,7,4,7,7,1,7,7,7,6,1,4,5,4,2,1,4
656,1/1/1980 0:00:00,71.225.70.238,22,8,2,7,7,4,7,2,3,5,6,5,6,4,4,7,4,7,6,3,2,5,6,3,3,1,2,6
657,1/1/1980 0:00:00,174.56.199.9,32,8,1,7,7,6,6,2,5,6,7,4,7,4,3,7,1,6,6,4,4,1,1,1,1,1,1,1
658,1/1/1980 0:00:00,74.196.160.27,48,8,1,6,6,3,6,2,6,6,7,1,7,5,6,6,6,7,5,6,4,4,1,1,1,1,1,1
659,1/1/1980 0:00:00,24.140.188.241,37,8,1,7,6,2,7,2,6,6,7,4,6,4,5,7,3,7,7,4,6,4,1,1,1,1,1,1
660,1/1/1980 0:00:00,67.238.17.48,21,4,1,7,7,6,7,2,7,5,7,1,7,5,7,7,1,7,6,6,4,2,7,3,7,4,1,7
661,1/1/1980 0:00:00,71.95.57.34,64,5,1,7,7,2,7,2,2,6,7,1,7,4,3,7,1,1,1,1,1,1,1,1,1,1,1,1
662,1/1/1980 0:00:00,47.192.216.177,20,5,1,7,7,1,7,2,7,5,7,1,7,4,6,7,1,7,7,7,7,4,7,1,6,5,1,6
663,1/1/1980 0:00:00,65.25.21.31,31,4,1,5,5,1,6,2,6,5,6,4,7,5,6,7,1,6,1,5,3,1,1,1,1,1,1,1
664,1/1/1980 0:00:00,104.137.211.4,28,8,2,7,7,4,7,2,6,5,7,2,7,5,5,7,7,6,4,7,6,6,1,1,1,1,1,1
665,1/1/1980 0:00:00,24.196.234.73,45,8,1,7,7,1,6,2,6,5,7,1,7,5,6,7,5,5,5,2,3,4,1,1,1,1,1,1
666,1/1/1980 0:00:00,67.161.161.118,25,9,1,6,6,3,7,2,6,4,6,2,6,4,6,5,7,7,5,6,3,6,4,1,3,1,1,4
667,1/1/1980 0:00:00,104.159.185.216,31,5,1,5,4,4,6,2,6,7,6,1,7,4,4,7,1,6,2,5,3,1,1,1,1,1,1,1
668,1/1/1980 0:00:00,71.14.208.10,23,8,1,6,6,2,7,2,6,5,6,2,6,4,5,6,1,6,6,3,4,1,1,1,1,1,1,1
669,1/1/1980 0:00:00,97.87.66.154,50,9,1,6,6,3,6,2,5,5,6,6,6,3,2,6,1,2,1,2,1,1,1,1,1,1,1,1
670,1/1/1980 0:00:00,24.161.100.71,42,8,2,7,7,6,7,2,6,6,7,1,7,5,5,7,5,7,3,4,2,4,1,1,1,1,1,1
671,1/1/1980 0:00:00,64.32.156.135,42,9,2,7,7,1,7,2,7,7,7,1,7,7,7,7,6,7,1,3,1,2,1,1,1,1,1,1
672,1/1/1980 0:00:00,69.243.41.71,36,8,1,7,7,1,7,2,7,7,7,2,7,5,5,7,2,7,1,6,1,2,1,1,1,1,1,1
673,1/1/1980 0:00:00,73.230.23.185,19,5,1,7,7,3,7,2,5,5,7,3,6,4,3,7,1,2,1,2,1,1,1,1,1,1,1,1
674,1/1/1980 0:00:00,172.56.21.111,29,8,1,7,7,1,7,2,7,7,7,1,7,5,6,7,2,6,4,6,3,1,4,1,3,1,1,4
675,1/1/1980 0:00:00,98.218.77.254,29,9,2,6,6,6,6,2,6,6,7,7,7,4,7,7,2,7,4,6,3,2,2,1,2,1,1,2
676,1/1/1980 0:00:00,97.121.12.195,22,8,2,7,6,2,6,2,4,6,6,6,2,2,3,1,1,6,2,4,2,1,4,2,3,2,1,3
677,1/1/1980 0:00:00,108.74.11.157,26,7,2,7,7,1,7,1,7,7,7,1,7,7,7,7,6,7,7,7,6,6,2,1,1,1,1,2
678,1/1/1980 0:00:00,68.114.212.67,51,7,1,6,6,2,6,2,5,4,6,5,6,3,1,7,1,1,1,1,1,1,1,1,1,1,1,1
679,1/1/1980 0:00:00,24.4.221.237,34,5,2,6,6,3,6,2,4,4,6,1,7,4,5,7,1,7,1,6,3,1,7,4,6,2,1,7
680,1/1/1980 0:00:00,107.202.128.229,55,8,2,7,7,2,7,2,3,6,7,2,7,5,4,7,1,2,1,2,1,1,2,2,2,1,1,2
681,1/1/1980 0:00:00,66.41.194.153,54,7,1,7,7,3,7,2,7,5,7,1,7,5,6,7,4,7,1,6,1,2,1,1,1,1,1,1
682,1/1/1980 0:00:00,73.249.194.64,25,7,1,7,6,1,7,2,6,6,7,3,6,4,6,7,1,7,1,7,1,1,1,1,1,1,1,1
683,1/1/1980 0:00:00,162.72.219.180,33,5,1,6,6,2,6,2,6,6,7,1,7,4,7,7,1,7,1,7,3,1,4,1,4,1,1,4
684,1/1/1980 0:00:00,74.108.134.156,26,5,2,6,7,4,4,2,4,5,6,3,7,4,5,7,1,2,1,2,1,1,1,1,1,1,1,1
685,1/1/1980 0:00:00,71.188.60.138,39,5,1,7,7,6,6,2,5,5,6,5,7,4,5,7,1,3,1,6,1,2,5,2,3,1,1,5
686,1/1/1980 0:00:00,68.116.244.184,30,8,2,6,6,5,7,2,5,6,7,1,7,4,5,7,1,5,2,3,1,1,1,1,1,1,1,1
687,1/1/1980 0:00:00,65.129.18.12,26,6,1,7,7,3,6,2,6,5,7,4,6,4,4,6,1,6,1,6,1,1,5,5,5,1,1,5
688,1/1/1980 0:00:00,71.209.209.156,54,8,1,7,7,3,7,2,5,6,7,2,7,5,3,7,1,6,1,6,1,1,1,1,1,1,1,1
689,1/1/1980 0:00:00,24.0.103.117,46,8,1,6,7,5,7,2,4,7,7,2,7,5,5,7,6,5,1,3,1,4,1,1,1,1,1,1
690,1/1/1980 0:00:00,104.190.114.208,33,9,1,6,6,1,6,2,6,6,6,1,7,5,5,6,1,6,2,6,6,1,1,1,1,1,1,1
691,1/1/1980 0:00:00,209.107.196.112,29,5,1,7,7,5,7,2,2,3,7,6,7,4,4,7,1,3,1,2,1,1,1,1,1,1,1,1
692,1/1/1980 0:00:00,50.5.228.189,41,5,1,7,5,4,6,2,4,4,6,4,5,4,3,7,1,7,1,3,1,1,1,1,1,1,1,3
693,1/1/1980 0:00:00,72.83.147.7,34,8,1,7,6,2,6,2,7,7,7,2,7,4,7,7,1,2,1,2,1,2,2,2,2,2,1,2
694,1/1/1980 0:00:00,184.20.53.15,43,5,1,7,7,7,7,2,7,7,7,1,7,7,7,7,1,2,1,2,1,1,1,1,1,1,1,1
695,1/1/1980 0:00:00,184.12.190.135,40,8,1,6,6,6,6,2,7,6,6,4,7,4,6,7,1,6,1,6,1,1,1,1,1,1,1,1
696,1/1/1980 0:00:00,173.90.16.118,44,7,2,7,6,2,6,2,5,5,7,4,6,4,2,7,1,1,1,1,1,1,1,1,1,1,1,1
697,1/1/1980 0:00:00,73.252.34.32,28,9,1,1,1,5,5,2,1,1,7,6,7,5,5,7,1,7,1,3,2,1,1,1,1,1,1,1
698,1/1/1980 0:00:00,68.82.101.240,23,5,1,7,7,1,7,2,7,6,7,2,7,6,6,7,1,6,1,4,1,1,1,1,1,1,1,1
699,1/1/1980 0:00:00,107.188.200.146,27,4,2,6,6,2,6,2,2,4,5,2,6,4,3,5,1,7,1,7,1,1,1,1,1,1,1,1
700,1/1/1980 0:00:00,98.216.225.21,28,7,1,6,6,2,6,2,4,6,5,5,5,4,5,7,1,7,1,7,1,1,7,4,7,1,1,7
701,1/1/1980 0:00:00,24.147.195.208,50,8,2,7,2,1,6,2,6,6,7,1,7,4,7,7,1,4,1,3,1,1,1,1,1,1,1,1
702,1/1/1980 0:00:00,98.211.143.196,21,7,1,6,6,7,6,6,7,7,2,6,1,1,2,2,6,4,5,2,3,3,5,4,4,5,5,4
703,1/1/1980 0:00:00,8.26.253.252,23,5,1,7,7,5,7,2,5,5,7,5,7,4,5,7,6,6,5,5,3,4,7,6,6,5,5,7
704,1/1/1980 0:00:00,68.0.37.54,36,7,1,7,7,3,6,2,6,7,4,4,4,3,3,6,1,2,1,1,1,1,1,1,2,1,1,1
705,1/1/1980 0:00:00,69.122.220.198,26,5,2,6,6,4,5,2,5,5,6,3,6,5,6,6,1,7,4,6,3,1,1,1,1,1,1,1
706,1/1/1980 0:00:00,75.143.77.123,35,11,1,6,5,4,6,2,4,4,7,7,7,4,5,7,1,7,1,4,1,1,1,1,1,1,1,1
707,1/1/1980 0:00:00,76.113.251.69,24,8,1,6,5,3,5,2,5,4,5,4,5,5,4,6,6,5,1,2,2,3,3,1,2,2,3,2
708,1/1/1980 0:00:00,174.20.59.228,23,8,1,7,7,3,7,2,4,6,7,1,7,4,5,7,1,6,7,3,3,1,3,4,3,1,1,3
709,1/1/1980 0:00:00,75.176.101.7,29,8,2,6,4,5,6,2,6,5,6,5,7,4,3,7,1,2,2,2,3,1,1,1,1,1,1,1
710,1/1/1980 0:00:00,73.81.120.100,34,5,1,6,6,6,6,2,6,6,7,1,7,4,7,7,1,6,6,3,3,1,1,1,1,1,1,1
711,1/1/1980 0:00:00,104.160.54.56,31,9,1,6,6,3,7,2,2,5,6,3,6,4,5,7,1,6,1,4,1,1,1,1,1,1,1,1
712,1/1/1980 0:00:00,98.253.58.54,23,7,2,6,4,2,5,2,7,6,5,6,3,2,3,7,1,7,1,7,4,3,7,7,7,3,1,7
713,1/1/1980 0:00:00,174.102.134.43,43,10,1,7,7,4,7,2,6,4,6,3,6,4,3,6,1,2,1,2,1,1,1,1,1,1,1,1
714,1/1/1980 0:00:00,173.63.229.158,39,9,1,7,7,2,7,2,7,7,7,1,7,4,6,7,1,6,1,3,1,1,1,1,1,1,1,1
715,1/1/1980 0:00:00,66.227.142.3,33,7,1,7,7,2,7,2,5,6,7,2,7,4,6,7,1,1,1,1,1,1,2,1,1,1,1,2
716,1/1/1980 0:00:00,107.213.64.133,32,4,2,6,7,4,6,2,6,6,6,1,7,4,6,7,1,2,1,3,1,1,1,1,2,1,1,1
717,1/1/1980 0:00:00,73.116.8.70,24,4,2,5,5,5,5,2,5,5,6,4,2,1,1,7,1,6,6,1,1,1,7,7,6,1,1,7
718,1/1/1980 0:00:00,99.118.109.134,31,5,2,6,6,2,6,2,4,4,7,2,6,4,6,7,2,7,7,7,6,6,1,1,1,1,1,1
719,1/1/1980 0:00:00,72.43.122.253,29,11,1,7,7,3,7,2,6,4,7,1,7,6,5,7,1,4,1,2,1,1,1,1,1,1,1,1
720,1/1/1980 0:00:00,108.192.150.214,25,8,2,7,6,2,7,2,5,4,2,4,5,3,2,7,1,1,1,1,1,1,1,1,1,1,1,1
721,1/1/1980 0:00:00,50.165.109.99,38,9,2,6,5,4,6,2,4,5,7,5,7,4,4,7,1,1,1,1,1,1,1,1,1,1,1,1
722,1/1/1980 0:00:00,99.112.121.205,29,8,1,6,6,5,7,2,5,6,7,1,7,5,6,7,1,7,1,6,1,1,3,1,2,1,1,2
723,1/1/1980 0:00:00,72.172.17.65,44,9,2,6,6,5,5,2,4,6,6,4,6,5,3,7,1,7,1,7,1,1,3,2,3,1,1,3
724,1/1/1980 0:00:00,68.119.157.55,22,5,1,7,7,2,7,2,4,6,7,1,7,4,5,7,1,7,1,4,1,1,2,1,1,1,1,1
725,1/1/1980 0:00:00,107.198.4.81,23,8,2,6,6,3,6,2,5,6,6,3,6,4,4,6,1,6,1,3,1,1,1,1,1,1,1,1
726,1/1/1980 0:00:00,108.183.72.16,21,4,1,7,5,4,4,2,7,7,7,1,7,5,7,7,6,7,3,7,4,6,6,4,4,3,1,6
727,1/1/1980 0:00:00,99.173.140.40,43,8,1,7,7,1,7,2,5,7,7,1,7,4,4,7,4,7,1,2,1,2,1,1,1,1,1,1
728,1/1/1980 0:00:00,68.3.83.150,36,8,1,6,6,4,6,2,4,6,6,5,6,4,4,6,1,1,1,1,1,1,1,1,1,1,1,1
729,1/1/1980 0:00:00,71.245.117.36,20,5,1,7,7,2,7,2,7,7,7,5,7,4,4,7,6,6,6,5,6,2,1,1,1,1,1,1
730,1/1/1980 0:00:00,127.0.0.1,50,8,1,7,7,5,7,2,7,6,7,2,7,6,5,7,1,6,1,7,1,1,7,2,6,1,1,6
731,1/1/1980 0:00:00,69.115.212.185,29,8,2,6,6,5,5,2,4,4,7,1,7,5,5,7,1,7,7,7,6,1,7,1,5,4,1,7
732,1/1/1980 0:00:00,66.87.114.6,27,5,2,7,4,4,7,2,4,4,7,1,7,7,5,7,5,7,7,7,7,7,4,1,4,2,5,6
733,1/1/1980 0:00:00,162.235.26.30,35,5,1,5,5,6,6,2,6,6,6,3,7,5,5,5,1,3,3,3,2,1,1,1,1,1,1,1
734,1/1/1980 0:00:00,108.255.31.67,28,8,1,5,5,2,7,2,3,5,1,5,1,4,6,1,1,5,1,3,1,1,1,1,1,1,1,1
735,1/1/1980 0:00:00,108.24.156.141,51,8,2,6,6,2,6,2,6,6,6,2,6,6,4,6,1,7,1,7,1,1,1,1,1,1,1,1
736,1/1/1980 0:00:00,144.230.63.53,33,8,1,6,6,2,6,2,7,4,7,6,7,4,4,1,6,3,1,6,4,1,1,1,1,1,1,1
737,1/1/1980 0:00:00,65.28.174.201,25,8,1,6,6,3,6,2,6,5,6,5,7,4,5,7,1,6,6,1,2,1,5,2,2,1,1,4
738,1/1/1980 0:00:00,173.74.192.126,41,5,2,6,6,3,6,2,5,5,6,3,6,4,3,6,3,5,5,6,5,4,1,1,1,1,1,1
739,1/1/1980 0:00:00,108.26.36.23,44,10,1,6,6,6,7,2,2,6,7,1,7,4,6,7,1,7,1,3,1,1,1,1,1,1,1,1
740,1/1/1980 0:00:00,166.181.82.142,38,7,1,7,7,2,7,2,7,7,7,1,7,6,6,7,1,6,1,4,1,1,1,1,1,1,1,1
741,1/1/1980 0:00:00,173.56.30.105,22,7,1,7,7,5,7,2,1,4,7,1,7,4,5,7,3,7,1,5,1,2,1,1,1,1,1,1
743,1/1/1980 0:00:00,72.49.161.163,32,4,1,7,7,3,7,2,5,6,7,2,7,3,6,7,4,7,4,3,2,2,1,1,1,1,1,1
744,1/1/1980 0:00:00,99.3.11.0,33,8,1,7,7,4,7,2,5,4,7,1,7,4,5,7,2,1,6,1,6,2,1,1,1,1,1,1
745,1/1/1980 0:00:00,76.252.153.194,47,5,1,6,6,2,6,2,6,6,7,3,7,4,5,7,1,2,1,1,1,1,1,1,1,1,1,1
746,1/1/1980 0:00:00,50.157.197.73,27,8,1,7,7,3,7,2,7,6,7,1,7,5,6,7,2,4,1,3,1,1,1,1,1,1,1,1
747,1/1/1980 0:00:00,98.176.21.5,26,8,1,6,6,2,7,2,6,4,3,3,6,2,5,7,1,7,1,4,1,1,6,4,5,1,1,5
748,1/1/1980 0:00:00,67.187.226.172,32,8,1,7,7,2,6,2,6,6,7,3,7,7,2,7,1,3,1,3,1,1,1,1,1,1,1,1
749,1/1/1980 0:00:00,45.31.129.202,21,5,1,7,7,7,7,2,6,5,6,5,5,4,7,6,1,1,1,6,1,4,1,1,1,1,1,1
750,1/1/1980 0:00:00,75.168.155.238,23,9,1,7,7,2,6,2,6,6,5,2,6,4,6,7,7,6,7,6,7,7,1,1,1,1,1,1
751,1/1/1980 0:00:00,68.63.100.121,29,9,2,7,7,1,7,2,7,7,7,1,7,7,7,7,5,7,6,6,3,2,1,1,1,1,1,1
752,1/1/1980 0:00:00,66.87.96.27,30,5,1,7,7,1,7,2,5,6,7,1,7,5,4,7,4,7,6,6,6,2,1,1,1,1,1,1
753,1/1/1980 0:00:00,172.56.22.67,25,4,2,7,7,2,6,2,4,6,7,1,6,4,4,7,1,6,4,3,2,1,6,1,4,1,1,5
754,1/1/1980 0:00:00,76.121.30.118,20,4,1,7,7,1,7,2,6,7,7,2,7,4,4,7,1,6,1,4,1,1,6,1,4,1,1,6
755,1/1/1980 0:00:00,192.161.76.5,37,10,2,6,6,4,5,2,3,3,4,5,5,3,3,5,1,1,1,1,1,1,1,1,1,1,1,1
756,1/1/1980 0:00:00,66.169.204.98,38,8,2,7,7,2,7,2,5,5,7,2,7,4,4,7,1,7,1,6,1,1,1,1,1,1,1,1
757,1/1/1980 0:00:00,71.102.23.33,52,6,1,7,7,4,4,2,4,4,7,1,7,4,4,7,1,6,1,3,1,1,1,1,1,1,1,1
758,1/1/1980 0:00:00,174.44.222.13,25,8,1,7,7,2,6,2,6,6,7,4,7,5,5,7,1,6,5,2,4,2,6,4,2,1,1,5
759,1/1/1980 0:00:00,67.180.239.5,38,5,2,7,6,2,6,2,6,6,6,1,7,6,6,7,6,6,6,6,3,3,1,1,1,1,1,1
760,1/1/1980 0:00:00,184.53.48.179,36,6,2,6,6,2,7,2,4,6,7,5,6,4,4,7,1,1,1,1,1,1,1,1,1,1,1,1
761,1/1/1980 0:00:00,98.215.51.181,30,9,1,7,7,1,7,2,4,4,7,3,7,4,5,7,1,6,1,6,1,5,1,1,1,1,1,1
762,1/1/1980 0:00:00,148.75.59.127,32,8,2,7,7,2,7,2,5,5,7,1,7,4,5,7,1,7,1,7,1,1,1,1,1,1,1,1
763,1/1/1980 0:00:00,174.55.104.54,36,8,1,7,7,2,7,2,5,7,7,2,7,4,5,7,1,5,1,6,1,1,1,1,1,1,1,1
764,1/1/1980 0:00:00,162.236.80.248,30,8,1,7,7,2,7,2,7,7,7,1,7,5,6,7,1,4,1,4,1,1,1,1,1,1,1,1
765,1/1/1980 0:00:00,70.94.25.60,23,8,1,7,7,2,7,2,3,3,7,4,6,5,5,7,1,5,7,3,3,1,1,1,1,1,1,1
766,1/1/1980 0:00:00,173.49.87.232,26,8,1,6,5,3,7,2,6,5,7,2,7,4,5,7,1,7,5,6,3,1,5,3,4,1,1,5
767,1/1/1980 0:00:00,108.52.40.241,24,4,1,6,6,3,6,2,6,4,7,1,7,4,5,7,4,6,2,3,2,2,1,1,1,1,1,1
769,1/1/1980 0:00:00,100.13.58.31,40,8,1,5,6,2,6,2,2,7,7,3,7,4,4,7,1,6,1,6,1,1,1,1,1,1,1,1
770,1/1/1980 0:00:00,97.83.176.204,24,4,2,6,6,5,7,2,6,7,5,2,7,5,7,7,4,5,6,2,4,5,5,6,3,2,4,5
771,1/1/1980 0:00:00,66.87.133.201,26,4,2,7,7,2,6,2,5,6,7,1,7,4,5,7,6,6,6,4,4,5,4,3,3,1,1,4
772,1/1/1980 0:00:00,66.87.115.78,26,4,1,7,7,1,7,2,7,7,7,1,7,4,4,7,1,7,3,7,4,3,1,1,1,1,1,1
773,1/1/1980 0:00:00,72.49.161.163,34,7,2,7,7,3,7,2,1,6,7,2,7,4,5,7,1,7,2,4,2,1,1,1,1,1,1,1
774,1/1/1980 0:00:00,173.50.87.124,21,5,2,6,6,2,7,2,5,6,7,3,6,4,3,7,1,6,1,4,1,2,1,1,1,1,1,1
775,1/1/1980 0:00:00,75.175.225.214,31,8,1,6,6,2,6,2,4,5,7,3,7,6,6,7,1,7,4,6,2,1,1,1,1,1,1,1
776,1/1/1980 0:00:00,174.25.1.230,31,5,1,7,7,3,6,2,5,5,7,2,7,1,3,7,1,3,1,3,1,1,4,2,1,1,1,2
777,1/1/1980 0:00:00,96.28.2.11,20,4,1,6,6,2,6,2,5,6,7,2,7,5,6,7,1,6,1,6,1,1,2,1,2,1,1,1
778,1/1/1980 0:00:00,47.223.215.72,27,8,1,5,6,4,6,2,6,6,6,3,7,5,6,7,1,7,6,2,2,1,5,3,2,1,1,3
779,1/1/1980 0:00:00,68.101.106.59,31,5,2,7,7,3,7,2,5,5,7,3,7,4,5,7,1,6,6,6,5,1,1,1,1,1,1,1
780,1/1/1980 0:00:00,50.139.220.205,26,8,2,7,7,1,7,2,5,7,7,6,7,4,5,7,1,2,5,3,4,1,1,1,1,1,1,1
781,1/1/1980 0:00:00,97.83.12.187,20,5,2,6,6,2,6,2,5,6,7,4,6,4,5,7,1,6,1,6,5,3,6,5,6,1,1,6
782,1/1/1980 0:00:00,72.209.225.238,27,8,1,7,7,1,7,2,7,2,7,3,7,6,5,7,5,7,1,6,1,6,3,1,2,1,1,2
783,1/1/1980 0:00:00,101.186.180.224,22,5,1,6,7,2,7,2,5,5,1,2,7,5,4,7,1,6,5,6,5,3,1,1,1,1,1,1
784,1/1/1980 0:00:00,99.27.37.75,22,8,1,7,6,3,7,2,4,5,7,3,6,4,5,7,3,6,5,4,2,3,6,7,4,2,1,6
785,1/1/1980 0:00:00,208.54.4.211,48,6,1,7,6,3,6,2,5,5,7,2,7,5,4,7,6,6,1,3,1,1,1,1,1,1,1,1
786,1/1/1980 0:00:00,142.196.139.68,37,8,1,7,7,1,7,2,7,7,7,1,7,4,7,7,6,6,6,3,3,2,3,1,1,2,1,4
787,1/1/1980 0:00:00,76.117.227.13,26,9,2,7,7,7,7,2,4,6,7,1,7,6,6,7,1,2,2,1,1,1,2,1,1,1,1,2
788,1/1/1980 0:00:00,98.165.217.182,27,8,1,7,6,1,7,2,6,6,7,3,7,4,7,7,1,7,7,6,4,1,4,1,1,1,1,1
789,1/1/1980 0:00:00,67.185.14.25,25,5,2,7,7,4,7,2,1,4,7,1,7,4,5,7,1,6,1,5,1,1,5,5,5,1,1,5
790,1/1/1980 0:00:00,129.59.122.25,20,5,2,6,4,2,7,2,4,5,2,2,6,5,6,7,1,6,7,2,5,1,4,5,3,3,1,4
791,1/1/1980 0:00:00,71.239.246.133,26,5,2,7,7,2,7,2,3,4,7,2,6,4,6,7,7,5,1,3,1,6,1,1,1,1,1,1
793,1/1/1980 0:00:00,70.208.197.224,23,5,2,7,7,2,6,2,5,6,7,3,7,6,5,7,1,1,1,1,1,1,4,1,1,1,1,4
794,1/1/1980 0:00:00,164.67.235.101,21,8,2,7,7,5,6,2,6,7,7,2,7,4,4,7,7,7,7,6,7,7,1,1,1,1,1,1
795,1/1/1980 0:00:00,23.242.75.79,30,11,2,7,7,2,5,2,4,5,6,5,7,3,2,7,1,3,1,3,1,1,1,1,1,1,1,1
796,1/1/1980 0:00:00,104.173.219.155,37,9,2,7,7,1,6,2,4,7,7,1,7,6,6,7,1,7,6,7,4,1,1,1,1,1,1,1
797,1/1/1980 0:00:00,173.26.73.31,24,9,2,7,6,2,7,2,6,6,7,1,7,7,7,7,6,7,7,4,4,2,1,1,1,1,1,1
798,1/1/1980 0:00:00,75.143.174.86,24,7,1,4,4,4,4,2,3,3,1,1,7,3,2,7,1,3,2,2,1,1,3,1,1,1,1,3
799,1/1/1980 0:00:00,65.188.177.83,28,8,2,7,7,2,6,2,6,6,7,1,7,4,5,6,1,6,6,7,4,1,6,1,5,4,1,6
800,1/1/1980 0:00:00,104.136.231.163,37,7,2,7,7,2,7,2,7,7,7,1,7,4,7,7,7,7,6,7,6,7,5,5,6,3,6,5
801,1/1/1980 0:00:00,50.207.185.10,41,5,2,6,5,4,6,2,5,4,7,3,7,4,3,7,1,7,1,6,1,1,1,1,1,1,1,1
802,1/1/1980 0:00:00,107.214.136.79,34,9,1,6,6,3,7,2,3,5,7,2,7,4,5,7,1,7,3,4,2,1,1,1,1,1,1,1
803,1/1/1980 0:00:00,49.242.197.179,29,9,1,6,6,3,6,2,7,6,6,4,6,4,3,6,5,7,6,7,3,2,1,1,1,1,1,1
804,1/1/1980 0:00:00,24.61.91.45,19,4,1,7,7,3,6,2,4,5,7,1,6,4,3,7,1,7,6,6,7,1,7,7,7,7,1,7
805,1/1/1980 0:00:00,173.28.141.23,32,9,1,7,7,5,7,2,5,6,7,1,7,4,6,7,2,5,1,3,1,2,1,1,1,1,1,1
806,1/1/1980 0:00:00,66.87.115.174,28,5,1,7,7,1,7,2,5,6,7,2,5,5,7,7,7,7,1,7,1,3,1,1,1,1,1,1
807,1/1/1980 0:00:00,73.2.197.224,36,9,1,7,7,2,7,2,5,5,7,3,7,5,5,7,1,5,3,4,2,1,1,1,1,1,1,1
808,1/1/1980 0:00:00,97.86.203.164,36,7,1,6,6,2,6,2,3,4,5,2,5,4,4,5,1,3,1,2,1,1,2,1,2,1,1,2
809,1/1/1980 0:00:00,24.20.138.13,26,5,2,6,5,2,5,2,6,6,7,5,7,3,3,7,1,7,2,7,3,6,2,1,2,1,1,3
810,1/1/1980 0:00:00,170.253.245.117,41,4,1,6,7,2,6,2,7,6,6,1,7,4,5,7,1,7,7,7,6,2,1,1,1,1,1,1
811,1/1/1980 0:00:00,24.239.199.130,24,4,2,7,6,1,7,2,5,5,7,3,7,5,5,7,4,6,1,2,1,2,5,3,6,1,4,5
812,1/1/1980 0:00:00,184.88.214.57,45,4,1,7,7,3,7,2,7,6,7,6,7,4,6,7,1,5,1,5,3,6,1,1,1,1,1,1
813,1/1/1980 0:00:00,73.210.34.113,28,5,1,7,7,1,7,2,5,6,7,6,1,1,5,7,1,1,1,6,3,2,5,1,1,1,1,3
814,1/1/1980 0:00:00,75.183.11.136,31,5,1,7,5,2,7,2,7,4,7,3,7,4,5,7,1,7,1,3,1,1,1,1,1,1,1,1
815,1/1/1980 0:00:00,75.128.122.241,28,9,1,7,7,2,7,2,7,6,7,3,6,4,6,7,1,6,1,6,1,1,1,1,1,1,1,1
816,1/1/1980 0:00:00,98.167.0.205,24,8,2,7,6,2,6,2,3,7,6,5,7,4,3,6,1,5,1,2,1,2,7,2,6,4,1,7
817,1/1/1980 0:00:00,76.30.186.86,26,8,1,7,7,1,7,2,6,5,7,2,7,6,7,7,1,7,7,7,6,1,7,4,5,5,1,7
818,1/1/1980 0:00:00,184.170.80.7,46,9,1,7,7,6,7,2,5,6,7,3,6,4,5,7,1,1,1,1,1,1,1,1,1,1,1,1
819,1/1/1980 0:00:00,107.193.193.77,61,9,2,6,6,3,6,2,5,6,7,4,6,4,3,7,1,2,1,2,1,1,1,1,1,1,1,1
820,1/1/1980 0:00:00,67.55.236.204,29,8,2,6,7,3,5,2,2,5,7,3,6,4,4,7,1,5,1,5,1,1,4,1,5,1,1,3
821,1/1/1980 0:00:00,96.255.191.234,56,8,1,7,7,4,6,2,6,6,7,3,7,4,4,7,1,7,1,5,1,1,1,1,1,1,1,1
822,1/1/1980 0:00:00,72.221.91.6,33,8,1,5,5,4,5,2,4,5,5,5,5,5,4,6,1,1,1,4,3,2,7,6,6,2,1,7
823,1/1/1980 0:00:00,68.53.140.40,31,5,2,7,5,1,7,2,6,7,7,2,7,4,7,7,1,6,4,6,6,5,1,1,1,1,1,1
824,1/1/1980 0:00:00,206.128.235.199,58,5,2,6,6,2,6,2,5,6,7,3,7,4,4,7,1,1,1,1,1,1,1,1,1,1,1,1
825,1/1/1980 0:00:00,63.155.4.9,23,5,1,7,6,2,7,2,4,7,7,3,7,3,4,7,1,7,1,7,1,1,6,1,5,1,1,6
826,1/1/1980 0:00:00,66.177.175.62,23,5,1,7,7,2,7,2,6,7,7,1,7,7,7,7,1,6,7,6,6,6,1,1,1,1,1,1
827,1/1/1980 0:00:00,108.76.129.35,25,8,1,7,7,4,7,2,7,4,7,1,7,4,4,7,1,6,6,3,3,1,7,6,2,2,1,4
828,1/1/1980 0:00:00,99.160.164.28,51,9,2,6,5,2,7,2,2,7,7,1,7,5,5,7,1,6,6,3,4,1,1,1,2,1,1,1
829,1/1/1980 0:00:00,74.143.137.126,30,5,2,6,5,4,6,2,6,5,6,2,7,7,6,7,7,6,7,4,4,2,1,1,1,1,1,1
830,1/1/1980 0:00:00,107.192.5.64,18,5,2,7,6,4,2,2,5,3,4,4,5,3,1,5,1,1,1,1,2,1,1,1,1,1,1,1
831,1/1/1980 0:00:00,71.72.146.197,55,4,1,6,6,4,7,2,4,4,6,3,6,1,4,7,1,7,1,7,1,1,1,1,1,1,1,2
832,1/1/1980 0:00:00,162.248.149.112,30,9,1,7,7,2,7,2,5,7,7,2,7,4,3,7,1,5,3,4,2,1,2,1,1,1,1,2
833,1/1/1980 0:00:00,104.138.160.43,20,4,1,7,7,3,6,2,4,7,7,1,7,4,5,7,1,6,6,6,2,1,7,7,6,1,1,7
834,1/1/1980 0:00:00,70.57.106.244,28,8,2,7,7,1,7,2,7,7,1,1,7,4,7,7,7,5,1,4,1,6,1,1,1,1,1,1
835,1/1/1980 0:00:00,108.18.128.160,24,8,1,7,7,1,7,2,6,7,7,1,7,7,6,7,1,6,7,7,7,2,1,1,1,1,1,1
836,1/1/1980 0:00:00,70.185.215.206,27,9,2,6,6,2,5,2,6,5,6,1,7,4,3,7,1,7,1,7,1,1,7,1,7,1,1,6
837,1/1/1980 0:00:00,50.81.147.32,51,7,1,7,7,2,7,2,6,6,7,1,7,5,7,7,7,7,1,7,1,7,1,1,1,1,1,1
838,1/1/1980 0:00:00,172.75.93.128,40,8,2,6,6,6,6,2,2,6,6,3,6,4,5,7,2,1,3,1,2,1,1,1,1,1,1,1
839,1/1/1980 0:00:00,64.134.71.184,48,8,1,6,6,3,7,2,2,6,7,2,7,4,4,6,1,7,1,3,1,1,1,1,1,1,1,1
840,1/1/1980 0:00:00,68.117.75.231,37,9,1,6,6,5,7,2,6,7,7,2,7,4,5,7,6,7,4,4,2,5,1,1,1,1,1,1
841,1/1/1980 0:00:00,99.120.101.48,30,4,1,7,7,4,5,2,3,4,7,3,7,4,5,7,1,1,1,1,1,1,2,1,1,1,1,2
843,1/1/1980 0:00:00,108.211.222.126,50,8,1,7,7,4,7,2,3,6,7,1,7,7,7,7,1,7,1,5,1,1,1,1,1,1,1,1
844,1/1/1980 0:00:00,66.169.98.172,28,8,1,6,6,3,6,2,6,6,6,2,6,4,4,6,1,2,1,4,1,1,1,1,1,1,1,1
845,1/1/1980 0:00:00,69.119.145.26,28,8,1,6,6,6,6,2,6,6,7,7,7,7,7,7,3,7,7,5,5,2,4,1,2,1,1,3
846,1/1/1980 0:00:00,69.200.245.93,33,9,2,7,7,2,7,2,5,6,7,2,7,4,3,7,6,6,4,4,3,5,2,1,1,1,1,2
847,1/1/1980 0:00:00,172.10.45.77,39,8,1,7,6,4,7,2,2,6,7,2,7,4,5,7,1,7,5,6,3,1,2,2,2,1,1,2
848,1/1/1980 0:00:00,63.248.194.180,27,4,2,6,7,4,7,2,6,6,7,2,7,6,6,7,1,5,1,7,1,1,7,1,6,1,1,7
849,1/1/1980 0:00:00,50.96.139.25,23,7,1,7,7,1,7,2,7,7,7,5,6,4,5,7,1,1,1,2,2,1,3,1,1,1,1,3
850,1/1/1980 0:00:00,24.98.95.210,33,9,2,4,4,5,4,2,5,5,5,5,6,6,5,5,4,5,5,5,4,4,5,5,5,4,4,5
851,1/1/1980 0:00:00,74.72.160.98,30,8,1,7,7,5,6,2,6,5,7,1,7,7,7,7,1,6,6,2,3,1,1,1,1,1,1,1
852,1/1/1980 0:00:00,73.194.159.206,29,8,2,6,7,2,7,2,6,7,7,1,7,4,5,7,6,6,1,4,1,1,1,1,1,1,1,1
853,1/1/1980 0:00:00,68.51.51.186,32,9,1,7,7,2,7,2,5,6,7,1,7,4,5,7,1,7,6,7,4,1,3,1,2,1,1,3
854,1/1/1980 0:00:00,67.8.60.13,23,8,1,7,6,3,7,2,4,6,7,5,7,4,3,7,1,6,6,4,6,1,1,1,1,1,1,1
855,1/1/1980 0:00:00,24.179.167.22,28,5,2,2,3,3,3,2,3,4,5,5,5,5,5,5,5,5,4,2,2,1,2,2,2,2,2,2
856,1/1/1980 0:00:00,108.252.222.199,24,4,1,7,7,3,7,2,5,5,7,1,7,7,7,7,1,7,7,7,7,1,1,1,1,1,1,1
857,1/1/1980 0:00:00,66.191.168.67,30,5,2,6,6,2,6,2,5,5,6,2,6,5,6,6,6,7,7,6,6,4,2,1,2,2,1,2
858,1/1/1980 0:00:00,69.129.203.122,24,8,1,7,7,1,7,2,6,6,7,1,7,4,6,7,1,6,1,6,2,2,1,1,1,1,1,1
859,1/1/1980 0:00:00,50.161.146.159,27,5,2,6,5,5,6,2,4,5,6,2,7,5,6,6,1,6,4,5,2,1,6,6,5,5,5,6
860,1/1/1980 0:00:00,76.175.24.159,26,8,2,7,6,6,7,2,7,7,7,1,7,4,7,7,6,7,6,7,5,5,3,1,3,1,1,2
861,1/1/1980 0:00:00,73.203.41.206,30,5,2,6,6,1,7,2,2,6,7,1,7,7,5,7,1,7,7,6,7,1,4,1,3,1,1,2
862,1/1/1980 0:00:00,107.12.61.106,25,8,1,7,7,1,7,2,7,7,7,4,7,4,3,7,1,7,1,3,1,1,6,5,3,1,1,5
863,1/1/1980 0:00:00,67.141.137.138,21,5,1,7,7,3,6,2,6,6,7,1,7,4,7,7,1,6,7,7,6,1,1,1,1,1,1,1
864,1/1/1980 0:00:00,96.27.119.181,23,5,1,7,7,2,7,2,6,6,7,7,7,7,7,7,6,5,3,5,5,5,1,1,1,1,1,1
865,1/1/1980 0:00:00,68.118.99.215,22,5,1,7,7,3,7,2,5,7,7,1,7,4,7,7,5,7,7,7,3,2,1,1,1,1,1,1
866,1/1/1980 0:00:00,45.23.90.83,39,5,1,7,7,3,7,2,6,5,7,4,7,4,4,7,1,1,1,1,1,1,2,1,1,1,1,1
867,1/1/1980 0:00:00,98.252.107.249,57,7,1,7,7,1,7,2,5,5,7,2,7,5,6,7,1,7,1,7,1,6,1,1,1,1,1,1
868,1/1/1980 0:00:00,108.30.216.158,29,8,1,7,7,2,7,2,6,7,7,1,7,4,5,7,1,7,6,6,4,1,5,4,3,1,1,5
869,1/1/1980 0:00:00,108.85.229.30,21,7,1,6,6,3,6,2,6,4,7,5,7,4,5,7,1,6,1,3,1,1,6,4,3,1,1,5
870,1/1/1980 0:00:00,24.10.32.212,22,5,1,6,6,3,5,2,4,6,7,4,6,4,5,6,3,7,1,5,2,6,7,4,6,1,1,5
871,1/1/1980 0:00:00,72.172.203.116,30,5,2,7,7,1,7,2,7,7,7,2,7,6,4,7,1,5,1,4,1,1,1,1,1,1,1,1
872,1/1/1980 0:00:00,70.93.91.226,31,5,2,7,7,1,6,2,6,6,6,2,6,5,5,7,6,7,4,6,3,4,4,1,2,1,3,3
873,1/1/1980 0:00:00,24.149.88.238,20,5,1,6,6,3,5,2,4,5,6,4,7,4,4,7,1,1,1,1,1,1,1,1,1,1,1,1
875,1/1/1980 0:00:00,216.239.250.4,40,7,2,7,7,2,7,2,5,5,7,2,7,7,5,7,6,7,1,7,6,6,2,1,2,1,1,2
876,1/1/1980 0:00:00,74.177.38.171,39,5,1,7,7,1,7,2,7,1,7,2,7,4,5,7,1,7,1,6,2,5,1,1,1,1,1,1
877,1/1/1980 0:00:00,75.117.162.183,43,7,1,7,7,1,7,2,7,5,7,1,7,4,5,7,1,1,1,1,1,1,1,1,1,1,1,1
878,1/1/1980 0:00:00,68.3.159.33,38,10,1,6,6,6,7,7,6,6,1,1,7,4,6,6,6,7,4,7,5,6,2,1,3,4,3,2
879,1/1/1980 0:00:00,69.131.139.36,22,8,2,6,6,7,7,2,6,7,6,3,6,4,2,6,5,7,7,7,5,2,4,1,3,3,1,4
880,1/1/1980 0:00:00,65.79.201.8,36,4,2,6,6,4,6,2,3,4,7,5,7,4,4,7,1,1,1,1,1,1,3,1,1,1,1,2
881,1/1/1980 0:00:00,68.186.101.187,26,8,1,6,6,3,4,2,3,4,5,6,5,3,1,5,1,1,1,1,1,1,4,1,2,1,1,3
882,1/1/1980 0:00:00,166.137.143.85,25,5,1,7,7,3,7,2,7,6,7,2,7,4,3,7,3,7,1,6,1,2,2,3,2,1,2,2
883,1/1/1980 0:00:00,65.79.201.8,35,7,2,7,7,2,5,2,4,6,7,5,7,4,2,7,1,1,1,1,1,1,5,3,1,1,1,4
884,1/1/1980 0:00:00,172.56.39.156,51,5,1,6,6,1,6,2,6,6,7,5,7,4,4,7,3,4,1,5,1,3,6,2,3,1,2,5
885,1/1/1980 0:00:00,174.23.25.75,29,8,2,7,6,2,6,2,6,6,7,2,7,4,5,7,6,7,1,6,1,3,7,1,6,1,3,7
886,1/1/1980 0:00:00,107.222.224.122,35,7,1,7,7,1,7,2,7,7,7,1,7,5,6,6,2,7,7,3,2,6,4,1,2,1,1,2
887,1/1/1980 0:00:00,73.110.38.4,27,8,1,7,7,3,6,2,6,6,7,6,1,1,2,1,6,6,2,5,3,4,5,4,4,1,2,4
888,1/1/1980 0:00:00,68.107.132.2,29,7,1,1,6,4,7,2,1,4,7,3,6,4,6,7,7,7,7,6,6,5,1,1,1,1,1,1
889,1/1/1980 0:00:00,172.56.6.160,26,5,1,5,5,1,5,2,4,4,7,1,7,4,6,7,1,6,1,5,1,1,4,1,1,1,1,4
890,1/1/1980 0:00:00,75.127.218.98,53,4,1,7,7,1,7,2,6,7,6,4,7,4,5,7,1,6,2,6,2,1,1,1,1,1,1,1
891,1/1/1980 0:00:00,174.71.84.188,26,8,1,7,7,6,7,2,1,4,7,6,7,3,1,6,1,2,1,2,1,1,1,1,1,1,1,1
892,1/1/1980 0:00:00,72.8.201.12,36,5,1,6,2,5,6,2,6,5,7,1,7,5,5,7,1,1,1,1,1,1,3,2,1,1,1,2
893,1/1/1980 0:00:00,71.53.241.186,34,7,1,7,6,2,7,2,6,6,7,3,7,4,4,7,1,7,2,6,2,1,1,1,1,1,1,1
894,1/1/1980 0:00:00,73.251.140.134,47,5,1,7,7,3,6,2,6,6,7,6,6,5,4,7,1,1,1,6,3,2,1,1,1,1,1,1
895,1/1/1980 0:00:00,99.122.13.178,31,5,1,7,7,4,7,2,7,7,7,5,7,4,3,7,1,1,1,1,1,1,1,1,1,1,1,1
896,1/1/1980 0:00:00,24.28.32.13,27,7,1,6,6,4,7,2,5,4,7,2,7,7,5,7,1,2,1,1,1,1,1,1,1,1,1,1
897,1/1/1980 0:00:00,69.47.99.30,37,5,2,7,7,1,7,2,7,7,7,3,7,4,3,7,1,5,1,2,1,1,1,1,1,1,1,1
898,1/1/1980 0:00:00,67.160.128.15,18,5,1,5,5,6,4,2,5,5,6,5,1,1,1,1,6,6,6,2,2,2,7,7,7,7,7,7
899,1/1/1980 0:00:00,32.210.79.23,37,8,1,7,6,3,7,2,5,7,7,5,7,4,1,7,1,1,1,1,1,1,6,2,1,1,1,4
900,1/1/1980 0:00:00,70.194.237.195,29,8,2,7,7,7,7,7,7,7,6,4,7,4,4,4,6,7,7,7,7,4,1,1,1,1,1,1
901,1/1/1980 0:00:00,172.56.31.58,30,5,1,1,1,4,7,2,3,4,7,7,7,5,5,7,1,7,1,7,1,1,1,1,1,1,1,1
902,1/1/1980 0:00:00,72.199.211.63,19,5,1,6,6,2,6,2,6,6,5,2,6,4,4,7,2,7,6,4,3,1,5,4,4,1,1,4
903,1/1/1980 0:00:00,66.222.33.187,29,5,1,7,7,1,7,2,6,7,7,1,7,5,5,7,1,7,1,5,1,1,1,1,1,1,1,1
904,1/1/1980 0:00:00,184.98.144.101,24,4,1,6,5,5,6,2,5,6,6,3,7,4,5,7,1,7,1,6,3,1,7,6,5,1,1,6
905,1/1/1980 0:00:00,106.213.7.225,25,8,1,6,5,4,6,2,6,3,6,2,6,5,4,7,5,6,1,2,1,2,1,1,1,1,1,1
906,1/1/1980 0:00:00,73.206.86.66,46,8,1,7,6,4,6,2,4,5,7,2,7,5,5,7,1,7,1,7,1,1,1,1,1,1,1,1
907,1/1/1980 0:00:00,67.233.186.152,29,8,2,6,6,3,6,2,5,6,7,1,7,5,7,7,1,1,1,1,1,1,3,2,1,1,1,3
908,1/1/1980 0:00:00,172.5.201.77,22,7,1,7,7,1,7,2,7,7,7,1,7,5,4,7,1,7,7,7,4,2,7,7,7,6,2,7
909,1/1/1980 0:00:00,216.96.72.94,43,5,2,7,7,2,7,2,6,4,7,2,7,4,5,7,1,7,1,6,1,2,1,1,1,1,1,1
910,1/1/1980 0:00:00,149.255.32.233,22,8,2,5,6,5,6,2,4,4,7,1,7,6,7,7,7,7,6,7,7,7,6,5,4,5,5,6
911,1/1/1980 0:00:00,99.181.167.96,23,8,2,7,6,2,7,2,7,4,7,1,7,4,6,7,1,6,7,2,3,1,5,2,6,2,1,4
912,1/1/1980 0:00:00,24.112.40.50,42,4,1,3,6,6,6,5,6,6,4,4,4,4,4,4,1,7,5,5,5,5,3,5,5,6,6,5
913,1/1/1980 0:00:00,23.27.50.121,58,9,2,6,7,7,5,2,4,4,7,1,7,6,7,7,7,7,7,7,7,7,6,6,7,7,7,6
914,1/1/1980 0:00:00,73.42.220.82,29,4,2,7,7,1,7,2,6,7,7,2,7,4,4,7,1,7,7,6,2,1,4,1,3,1,1,3
915,1/1/1980 0:00:00,69.76.155.32,47,5,1,7,7,2,7,2,7,7,7,4,7,4,7,7,1,7,6,5,2,1,2,1,1,1,1,2
916,1/1/1980 0:00:00,172.58.153.188,26,5,2,7,7,4,6,2,7,4,7,3,7,5,5,7,3,7,6,7,4,2,2,1,2,1,2,2
917,1/1/1980 0:00:00,107.185.241.171,21,7,1,7,7,1,7,2,6,6,7,1,7,7,7,7,1,7,7,3,2,1,1,1,1,1,1,1
918,1/1/1980 0:00:00,172.56.42.26,30,8,1,7,6,3,7,2,3,4,7,2,7,4,4,7,6,7,1,7,1,6,1,1,1,1,1,1
919,1/1/1980 0:00:00,106.51.129.20,60,8,1,7,7,5,5,2,1,2,6,2,6,4,5,7,7,7,6,7,4,6,1,1,1,1,1,1
920,1/1/1980 0:00:00,45.48.121.34,34,5,2,7,6,2,6,2,5,6,7,2,7,4,5,7,1,7,1,7,1,1,2,1,2,1,1,1
921,1/1/1980 0:00:00,96.41.74.117,33,6,1,6,6,3,7,2,5,3,7,2,6,4,3,5,1,4,4,4,2,2,3,1,1,1,1,1
922,1/1/1980 0:00:00,75.66.252.247,21,5,2,6,6,4,7,2,1,5,7,4,7,4,3,7,1,6,5,3,4,1,6,4,6,5,1,6
923,1/1/1980 0:00:00,207.172.188.165,29,8,1,7,6,5,7,2,2,2,6,4,7,4,4,7,1,1,1,1,1,1,1,1,1,1,1,1
924,1/1/1980 0:00:00,173.17.58.230,31,8,2,7,7,2,7,2,7,6,7,2,7,4,3,7,4,6,5,3,3,2,1,1,1,1,1,1
925,1/1/1980 0:00:00,85.75.86.98,22,8,1,6,6,2,6,2,5,6,6,2,6,4,5,7,1,2,1,3,1,1,3,1,2,1,1,3
926,1/1/1980 0:00:00,173.49.52.233,30,8,1,7,7,1,6,2,4,5,7,1,7,4,6,7,1,6,1,6,1,1,4,1,3,1,1,4
927,1/1/1980 0:00:00,70.189.153.135,29,8,2,7,7,1,7,2,7,7,7,1,7,4,7,7,5,7,5,6,2,2,7,1,6,1,2,7
928,1/1/1980 0:00:00,72.240.93.37,38,5,1,6,6,2,6,2,2,6,7,3,6,4,3,7,1,5,1,2,1,1,1,1,1,1,1,1
929,1/1/1980 0:00:00,50.171.120.240,57,9,1,6,7,4,7,2,6,7,7,2,7,5,7,7,1,7,1,7,1,1,1,1,1,1,1,1
930,1/1/1980 0:00:00,173.170.226.18,39,8,2,7,7,1,7,2,7,7,7,1,7,4,7,7,1,6,6,4,6,1,1,1,1,1,1,1
931,1/1/1980 0:00:00,172.58.152.68,55,5,1,6,6,2,6,2,4,5,6,4,4,2,1,6,1,6,1,3,1,1,1,1,1,1,1,1
932,1/1/1980 0:00:00,67.244.36.67,40,8,2,7,7,1,7,2,7,7,7,4,7,5,5,7,6,1,1,1,1,5,1,1,1,1,1,1
933,1/1/1980 0:00:00,75.44.92.139,25,8,1,7,6,2,6,2,6,6,7,4,7,6,6,7,1,6,1,3,1,1,1,1,1,1,1,1
934,1/1/1980 0:00:00,108.190.251.183,56,8,1,6,6,2,6,2,4,6,6,2,7,5,6,7,5,5,5,3,1,5,1,1,1,1,1,1
935,1/1/1980 0:00:00,70.115.141.83,23,5,2,6,6,2,6,2,5,5,6,4,6,4,3,7,6,1,1,1,1,5,1,1,1,1,1,1
936,1/1/1980 0:00:00,104.182.94.197,48,7,1,7,7,5,7,2,7,7,7,1,7,5,7,7,1,7,1,7,1,1,6,7,6,1,1,6
937,1/1/1980 0:00:00,108.215.142.63,22,4,1,6,6,7,7,2,3,6,7,2,7,6,6,7,1,3,1,3,1,1,2,1,1,1,1,2
938,1/1/1980 0:00:00,64.237.52.132,44,5,2,7,7,4,7,2,6,5,7,2,7,5,5,7,1,6,1,4,1,1,1,1,1,1,1,1
939,1/1/1980 0:00:00,104.200.154.19,36,7,2,7,7,3,6,2,6,5,6,3,6,6,5,7,1,6,1,2,1,1,1,1,1,1,1,1
940,1/1/1980 0:00:00,73.141.40.79,25,5,2,7,7,1,7,2,6,6,7,2,7,7,5,7,1,6,6,5,3,1,1,1,1,1,1,1
941,1/1/1980 0:00:00,68.40.105.109,27,8,2,6,6,2,6,2,6,6,6,2,6,4,5,6,1,7,6,6,4,1,1,1,1,1,1,1
942,1/1/1980 0:00:00,75.87.190.129,27,8,2,7,7,4,6,2,2,3,7,3,7,5,3,7,1,7,6,6,4,1,1,1,1,1,1,1
943,1/1/1980 0:00:00,174.106.152.47,34,8,1,7,7,3,7,2,6,7,7,1,7,5,6,7,6,7,6,6,4,2,1,1,1,1,1,1
944,1/1/1980 0:00:00,72.193.56.15,22,8,1,7,7,4,6,2,4,4,7,1,7,4,4,7,1,7,1,7,1,1,7,3,3,1,1,4
946,1/1/1980 0:00:00,68.199.238.220,39,5,2,5,6,5,6,2,4,5,5,4,5,4,5,6,1,4,1,4,3,5,1,1,1,1,1,1
947,1/1/1980 0:00:00,71.10.20.148,28,4,1,7,7,2,7,2,7,7,7,2,7,5,4,7,3,7,6,3,3,2,1,1,1,1,1,1
948,1/1/1980 0:00:00,70.184.100.111,28,5,1,7,7,2,6,2,6,6,7,2,7,4,5,7,1,7,1,2,1,1,1,1,1,1,1,1
949,1/1/1980 0:00:00,74.139.254.186,59,5,1,7,7,1,7,2,4,7,7,1,7,4,5,7,6,7,1,4,1,2,1,1,1,1,1,1
950,1/1/1980 0:00:00,199.87.130.130,34,8,2,7,7,2,6,2,6,6,7,5,7,5,5,7,7,6,1,4,2,4,1,1,1,1,1,1
951,1/1/1980 0:00:00,71.178.138.163,50,8,2,5,6,2,2,2,6,6,6,6,2,2,6,2,1,6,6,2,2,1,1,1,1,1,1,1
952,1/1/1980 0:00:00,50.80.212.46,31,9,1,6,6,3,6,2,4,2,6,2,6,4,3,6,1,5,1,1,1,3,1,1,1,1,1,1
953,1/1/1980 0:00:00,73.136.171.179,26,8,1,7,6,4,2,2,7,7,7,1,7,4,6,7,1,7,1,7,1,1,1,1,1,1,1,1
954,1/1/1980 0:00:00,75.89.91.179,27,8,2,7,7,5,7,2,5,5,7,2,7,4,5,7,1,6,1,7,1,1,1,1,1,1,1,1
955,1/1/1980 0:00:00,64.6.220.214,26,8,1,7,7,1,7,2,6,5,7,1,7,4,7,7,5,7,1,7,1,6,6,5,6,1,1,5
956,1/1/1980 0:00:00,98.178.139.86,29,6,2,6,6,2,7,2,5,7,7,1,7,4,6,7,1,6,4,4,3,1,1,1,1,1,1,1
957,1/1/1980 0:00:00,108.34.209.47,26,5,2,6,6,1,6,2,6,6,7,1,7,4,7,7,1,6,1,4,1,1,5,5,3,1,1,4
958,1/1/1980 0:00:00,47.35.66.65,58,4,1,7,7,4,6,2,5,6,7,5,7,4,6,7,3,7,1,6,1,3,1,1,1,1,1,2
959,1/1/1980 0:00:00,71.176.3.141,35,5,2,6,7,2,6,2,7,5,6,1,7,6,5,7,6,5,3,5,2,6,1,1,1,1,1,1
960,1/1/1980 0:00:00,12.48.222.101,37,8,1,7,7,3,7,2,7,7,7,1,7,7,7,7,2,7,5,6,5,5,1,1,1,1,1,1
961,1/1/1980 0:00:00,70.214.114.147,35,8,1,7,7,7,7,2,7,7,7,4,7,4,5,7,1,4,1,3,1,1,7,3,6,1,1,7
962,1/1/1980 0:00:00,68.9.142.226,29,8,1,7,6,2,6,2,6,6,7,4,7,4,4,7,1,4,1,3,1,1,1,1,1,1,1,1
963,1/1/1980 0:00:00,69.24.144.22,24,8,1,6,6,2,7,2,5,6,6,1,7,4,5,7,2,7,6,5,6,1,4,1,2,1,1,4
964,1/1/1980 0:00:00,173.90.168.238,24,5,1,7,7,5,7,2,6,6,7,5,7,3,2,7,1,2,1,4,1,1,7,7,6,1,1,7
965,1/1/1980 0:00:00,65.27.249.127,34,7,2,6,6,3,6,2,7,6,7,2,6,4,5,7,1,6,1,7,1,1,1,1,1,1,1,1
966,1/1/1980 0:00:00,108.24.154.69,27,5,2,6,6,5,6,2,5,5,6,3,6,3,5,6,1,6,1,5,1,1,7,4,7,1,1,7
967,1/1/1980 0:00:00,73.143.44.171,27,8,1,7,7,3,7,2,7,5,7,2,7,6,6,7,1,7,6,6,4,1,1,1,1,1,1,1
968,1/1/1980 0:00:00,99.61.189.231,25,5,2,6,6,4,5,2,5,4,7,1,7,4,6,7,7,6,6,4,4,3,1,1,1,1,1,1
969,1/1/1980 0:00:00,71.11.186.141,30,8,1,6,5,3,7,2,5,6,7,2,7,5,4,7,1,3,1,2,1,1,1,1,1,1,1,1
970,1/1/1980 0:00:00,107.213.236.195,41,7,1,5,5,6,5,2,5,4,5,3,5,4,5,6,1,1,1,2,1,1,1,1,1,1,1,1
971,1/1/1980 0:00:00,192.168.168.67,30,5,1,5,4,1,7,2,3,5,7,3,1,4,7,7,1,4,1,3,1,1,4,1,1,1,1,4
972,1/1/1980 0:00:00,24.229.25.79,28,8,2,6,7,6,7,2,5,6,7,2,7,4,6,7,1,2,1,2,3,2,1,1,1,1,1,1
973,1/1/1980 0:00:00,99.27.145.138,34,9,2,7,7,2,7,2,4,7,7,3,7,4,4,7,1,6,1,3,1,1,5,1,4,1,1,4
974,1/1/1980 0:00:00,107.72.162.75,34,9,1,6,6,3,6,2,2,4,5,2,6,4,5,7,2,7,6,6,6,2,1,1,1,1,1,1
975,1/1/1980 0:00:00,73.0.134.78,36,6,2,6,6,5,6,2,4,5,6,3,6,5,3,6,1,6,1,3,1,1,6,6,3,1,1,4
976,1/1/1980 0:00:00,63.134.169.141,27,7,1,7,7,1,7,2,6,5,7,1,7,4,5,7,1,7,1,5,1,1,1,1,1,1,1,1
977,1/1/1980 0:00:00,73.37.230.200,26,8,1,7,6,3,5,2,6,5,7,5,6,4,5,7,2,6,7,6,3,2,3,2,2,1,2,2
978,1/1/1980 0:00:00,50.165.83.170,24,8,2,6,6,3,6,2,5,5,6,6,6,4,4,6,5,6,1,3,1,2,1,1,1,1,1,1
979,1/1/1980 0:00:00,98.30.252.160,29,4,1,6,6,1,6,2,6,6,7,3,6,5,3,7,1,6,1,5,1,1,7,6,4,1,1,6
980,1/1/1980 0:00:00,74.129.180.87,23,8,2,6,6,3,7,2,6,6,7,4,6,4,3,7,1,6,2,6,1,1,7,1,5,1,1,5
981,1/1/1980 0:00:00,74.75.192.109,46,7,1,6,6,2,7,2,4,6,6,6,6,4,2,6,1,6,1,2,1,2,2,2,2,2,1,2
982,1/1/1980 0:00:00,74.197.53.117,28,3,2,7,6,4,7,2,7,4,7,1,7,4,5,7,1,6,1,2,1,1,1,1,1,1,1,1
983,1/1/1980 0:00:00,73.196.167.200,33,8,2,6,6,2,6,2,5,6,7,2,7,5,4,7,1,6,1,4,1,1,1,1,1,1,1,1
984,1/1/1980 0:00:00,151.141.87.228,28,9,1,7,7,3,6,2,7,6,7,1,7,5,5,7,1,7,7,6,5,1,4,1,3,1,1,4
985,1/1/1980 0:00:00,173.48.103.239,22,8,1,7,7,2,7,2,6,7,7,1,7,5,6,7,1,7,7,4,4,1,1,1,1,1,1,1
986,1/1/1980 0:00:00,23.114.224.39,32,8,1,6,6,5,6,2,5,5,7,1,7,5,5,7,1,7,2,7,2,1,1,1,1,1,1,1
987,1/1/1980 0:00:00,216.1.97.62,29,9,1,7,7,1,7,2,6,6,7,2,7,4,5,7,1,6,1,4,1,1,1,1,1,1,1,1
988,1/1/1980 0:00:00,24.20.42.154,37,5,1,6,7,2,6,2,5,6,6,2,7,4,5,7,1,1,1,1,1,1,1,1,1,1,1,1
989,1/1/1980 0:00:00,70.34.170.34,26,8,1,7,6,2,7,2,6,4,7,2,7,4,5,7,5,7,6,6,4,4,1,1,2,1,1,3
990,1/1/1980 0:00:00,24.139.35.247,38,7,1,7,7,6,6,2,6,6,6,2,6,6,4,6,1,7,4,7,6,6,4,1,2,1,1,4
991,1/1/1980 0:00:00,69.146.106.25,55,8,1,7,7,2,7,2,7,6,7,4,7,5,4,7,5,6,1,4,1,2,1,1,1,1,1,1
992,1/1/1980 0:00:00,71.63.201.65,34,8,1,7,7,3,7,2,3,5,7,2,7,6,5,7,1,3,1,1,1,1,3,2,3,1,1,3
993,1/1/1980 0:00:00,75.133.11.182,29,8,1,7,7,3,6,2,6,4,7,2,7,3,4,7,1,6,6,6,2,1,6,1,2,1,1,5
994,1/1/1980 0:00:00,204.10.63.122,36,9,1,7,7,2,6,2,5,5,6,3,7,4,5,7,1,7,2,4,1,2,3,1,1,1,1,1
995,1/1/1980 0:00:00,167.171.184.61,26,9,1,7,7,1,7,2,6,7,7,1,7,4,4,7,1,6,6,6,4,1,4,3,1,1,1,2
996,1/1/1980 0:00:00,24.169.16.77,33,11,1,7,7,3,6,2,7,5,6,3,7,4,5,7,1,5,1,2,1,1,1,1,1,1,1,1
997,1/1/1980 0:00:00,209.140.39.182,24,4,1,7,5,2,6,2,4,4,7,1,7,4,5,7,1,1,1,6,2,1,1,1,1,1,1,1
998,1/1/1980 0:00:00,50.138.148.130,35,8,2,5,5,2,5,2,4,5,5,5,1,1,2,1,1,5,1,4,1,1,1,1,1,1,1,1
999,1/1/1980 0:00:00,199.52.13.129,31,8,2,7,7,3,5,2,5,6,7,1,7,6,6,7,1,7,7,7,7,2,1,1,1,1,1,1
1000,1/1/1980 0:00:00,184.60.135.240,74,7,1,6,6,2,7,2,3,7,7,2,7,3,6,7,1,7,1,6,1,1,1,1,1,1,1,1
1001,1/1/1980 0:00:00,96.242.44.27,26,8,2,6,6,6,6,6,6,6,7,2,5,4,6,1,6,7,7,5,6,4,1,1,1,1,1,1
1002,1/1/1980 0:00:00,50.188.205.76,25,8,1,7,7,1,7,2,7,7,7,2,7,6,6,7,1,6,1,5,1,1,1,1,2,1,1,2
1003,1/1/1980 0:00:00,190.148.78.193,22,8,1,7,7,2,7,2,5,6,7,2,7,5,7,7,5,6,7,6,5,2,1,1,1,1,1,1
1004,1/1/1980 0:00:00,173.175.233.6,30,5,1,5,4,2,5,2,6,3,6,7,1,2,6,1,1,7,4,4,2,3,5,3,2,2,3,4
1005,1/1/1980 0:00:00,73.21.175.153,56,7,1,1,1,4,1,2,4,2,7,4,7,5,4,7,3,6,2,4,3,2,1,1,1,1,1,1
1006,1/1/1980 0:00:00,209.207.32.235,30,9,1,5,5,4,6,2,4,6,5,4,6,5,6,7,1,3,1,2,1,1,1,1,1,1,1,1
1007,1/1/1980 0:00:00,162.232.170.79,27,8,2,7,6,4,6,2,6,5,7,2,7,5,4,7,7,6,7,6,6,5,1,1,1,1,1,1
1008,1/1/1980 0:00:00,174.48.220.84,37,7,1,7,7,5,7,2,5,4,7,1,7,4,6,7,1,3,1,4,3,1,1,1,1,1,1,1
1009,1/1/1980 0:00:00,107.77.104.18,30,9,1,6,6,2,6,2,5,6,7,1,7,5,5,7,7,7,1,7,1,4,1,1,1,1,1,1
1010,1/1/1980 0:00:00,50.76.202.50,56,5,1,5,5,1,6,2,5,5,7,5,7,3,4,7,1,6,1,5,2,2,1,1,1,1,1,1
1011,1/1/1980 0:00:00,169.244.168.110,33,9,2,7,7,7,6,6,6,7,7,6,6,7,7,7,7,6,5,7,7,7,1,1,1,1,1,1
1012,1/1/1980 0:00:00,75.38.208.111,25,8,1,7,7,2,6,2,6,6,7,1,7,6,6,7,7,6,6,7,6,6,1,1,1,1,1,1
1013,1/1/1980 0:00:00,187.160.251.226,26,9,1,7,7,2,7,2,7,6,7,1,7,5,7,7,1,6,7,2,6,2,1,1,2,6,2,1
1014,1/1/1980 0:00:00,68.42.144.36,32,5,1,7,7,2,7,2,6,7,4,4,4,4,4,4,1,7,4,3,2,1,4,1,4,3,1,4
1015,1/1/1980 0:00:00,107.77.106.130,24,10,1,7,5,1,5,2,5,7,7,3,7,4,5,7,1,7,2,3,6,6,7,5,3,1,1,4
1016,1/1/1980 0:00:00,12.166.240.227,32,8,2,7,7,4,7,2,3,5,7,2,7,5,6,7,7,6,1,3,1,6,6,5,3,1,3,6
1017,1/1/1980 0:00:00,97.107.109.73,26,5,1,6,6,4,7,2,5,6,6,2,7,5,7,7,1,3,1,1,1,1,1,1,1,1,1,1
1018,1/1/1980 0:00:00,73.9.109.35,33,8,1,7,6,1,7,2,7,7,6,1,7,5,7,7,1,6,1,4,1,1,1,1,1,1,1,1
1019,1/1/1980 0:00:00,146.7.4.79,25,7,2,7,7,1,7,2,6,7,7,1,7,4,5,7,1,6,6,6,4,1,3,2,4,1,1,3
1020,1/1/1980 0:00:00,72.145.248.52,31,8,1,1,1,5,1,2,2,1,7,1,7,5,6,7,6,1,1,1,1,4,1,1,1,1,1,1
1021,1/1/1980 0:00:00,159.118.186.198,52,6,1,7,7,1,7,2,7,7,7,1,7,7,7,7,1,7,1,7,1,1,1,1,1,1,1,1
1022,1/1/1980 0:00:00,68.13.113.90,28,5,1,7,7,5,7,2,5,6,7,2,7,4,5,7,1,6,1,4,1,1,3,1,1,1,1,3
1023,1/1/1980 0:00:00,216.198.182.133,60,4,1,7,7,1,7,2,7,7,7,1,7,5,6,7,1,7,1,7,1,1,7,3,5,1,1,5
1024,1/1/1980 0:00:00,65.27.208.25,32,6,2,7,7,2,7,2,4,7,7,5,7,4,1,7,1,6,1,5,1,1,2,1,2,1,1,2
1025,1/1/1980 0:00:00,99.72.193.220,46,8,1,7,7,5,7,2,3,6,7,2,7,4,4,7,1,7,6,6,4,1,2,1,1,1,1,2
